elapsed_since_command,green_x,green_y,blue_x,blue_y,computed_error_x,computed_error_y,computed_error_distance,error_x_flag,error_y_flag
0.013668,330,242,330,242,0,0,0.000000,1,1
0.024365,330,242,330,242,0,0,0.000000,1,1
0.035617,330,242,330,242,0,0,0.000000,1,1
0.052221,330,242,330,242,0,0,0.000000,1,1
0.075163,330,223,11,345,319,-122,341.533307,0,1
0.087772,330,223,11,345,319,-122,341.533307,0,1
0.101645,330,224,11,344,319,-120,340.824002,0,1
0.117838,330,224,330,224,0,0,0.000000,1,1
0.126588,330,224,330,224,0,0,0.000000,1,1
0.134433,330,224,330,224,0,0,0.000000,1,1
0.145081,330,224,330,224,0,0,0.000000,1,1
0.164523,330,224,330,224,0,0,0.000000,1,1
0.172455,330,224,330,224,0,0,0.000000,1,1
0.183568,330,225,330,225,0,0,0.000000,1,1
0.194397,330,225,330,225,0,0,0.000000,1,1
0.204415,330,225,330,225,0,0,0.000000,1,1
0.222486,330,225,330,225,0,0,0.000000,1,1
0.238533,330,226,330,226,0,0,0.000000,1,1
0.250862,330,226,330,226,0,0,0.000000,1,1
0.263295,330,226,330,226,0,0,0.000000,1,1
0.281708,330,228,330,228,0,0,0.000000,1,1
0.297120,330,228,330,228,0,0,0.000000,1,1
0.306718,330,228,330,228,0,0,0.000000,1,1
0.323348,330,229,330,229,0,0,0.000000,1,1
0.342603,330,229,330,229,0,0,0.000000,1,1
0.354159,330,229,330,229,0,0,0.000000,1,1
0.374868,330,230,330,230,0,0,0.000000,1,1
0.392707,330,230,330,230,0,0,0.000000,1,1
0.407955,330,230,330,230,0,0,0.000000,1,1
0.415219,330,233,330,233,0,0,0.000000,1,1
0.428373,330,233,330,233,0,0,0.000000,1,1
0.441718,330,233,330,233,0,0,0.000000,1,1
0.451407,330,237,330,237,0,0,0.000000,1,1
0.469793,330,237,330,237,0,0,0.000000,1,1
0.477964,330,237,330,237,0,0,0.000000,1,1
0.489552,330,241,330,241,0,0,0.000000,1,1
0.498905,330,241,330,241,0,0,0.000000,1,1
0.508467,330,241,330,241,0,0,0.000000,1,1
0.529561,330,241,330,241,0,0,0.000000,1,1
0.543596,330,246,330,246,0,0,0.000000,1,1
0.558322,330,246,330,246,0,0,0.000000,1,1
0.576173,330,246,330,246,0,0,0.000000,1,1
0.590605,330,252,330,252,0,0,0.000000,1,1
0.607284,330,252,330,252,0,0,0.000000,1,1
0.620288,330,252,330,252,0,0,0.000000,1,1
0.629636,330,258,330,258,0,0,0.000000,1,1
0.640427,330,258,330,258,0,0,0.000000,1,1
0.649002,330,258,330,258,0,0,0.000000,1,1
0.667186,330,258,330,258,0,0,0.000000,1,1
0.678775,330,262,330,262,0,0,0.000000,1,1
0.689995,330,262,330,262,0,0,0.000000,1,1
0.700023,330,262,330,262,0,0,0.000000,1,1
0.712334,330,262,330,262,0,0,0.000000,1,1
0.723445,330,269,330,269,0,0,0.000000,1,1
0.741484,330,269,330,269,0,0,0.000000,1,1
0.756910,330,269,330,269,0,0,0.000000,1,1
0.770564,330,275,330,275,0,0,0.000000,1,1
0.778418,330,275,330,275,0,0,0.000000,1,1
0.789506,330,275,330,275,0,0,0.000000,1,1
0.804538,330,275,330,275,0,0,0.000000,1,1
0.814602,330,282,330,282,0,0,0.000000,1,1
0.821550,330,282,330,282,0,0,0.000000,1,1
0.833589,330,282,330,282,0,0,0.000000,1,1
0.850037,330,282,330,282,0,0,0.000000,1,1
0.860588,330,289,330,289,0,0,0.000000,1,1
0.874617,330,289,330,289,0,0,0.000000,1,1
0.882493,330,289,330,289,0,0,0.000000,1,1
0.897987,330,289,330,289,0,0,0.000000,1,1
0.912280,330,297,330,297,0,0,0.000000,1,1
0.936839,330,297,330,297,0,0,0.000000,1,1
0.953996,330,305,330,305,0,0,0.000000,1,1
0.972477,330,305,330,305,0,0,0.000000,1,1
0.981349,330,310,330,310,0,0,0.000000,1,1
1.001372,330,310,330,310,0,0,0.000000,1,1
1.011131,330,310,330,310,0,0,0.000000,1,1
1.024826,330,314,330,314,0,0,0.000000,1,1
1.037568,330,314,330,314,0,0,0.000000,1,1
1.049783,330,314,330,314,0,0,0.000000,1,1
1.059178,330,314,330,314,0,0,0.000000,1,1
1.074840,330,320,330,320,0,0,0.000000,1,1
1.088335,330,320,330,320,0,0,0.000000,1,1
1.103997,330,320,330,320,0,0,0.000000,1,1
1.112343,330,326,330,326,0,0,0.000000,1,1
1.126002,330,326,330,326,0,0,0.000000,1,1
1.148592,330,326,330,326,0,0,0.000000,1,1
1.164292,330,334,330,334,0,0,0.000000,1,1
1.184858,330,334,330,334,0,0,0.000000,1,1
1.205498,330,342,330,342,0,0,0.000000,1,1
1.216686,330,342,330,342,0,0,0.000000,1,1
1.229730,330,342,330,342,0,0,0.000000,1,1
1.253726,330,346,330,346,0,0,0.000000,1,1
1.262131,330,346,330,346,0,0,0.000000,1,1
1.270365,330,346,330,346,0,0,0.000000,1,1
1.282060,330,354,330,354,0,0,0.000000,1,1
1.294685,330,354,330,354,0,0,0.000000,1,1
1.302543,330,354,330,354,0,0,0.000000,1,1
1.313539,330,354,330,354,0,0,0.000000,1,1
1.324810,330,360,330,360,0,0,0.000000,1,1
1.337652,330,360,330,360,0,0,0.000000,1,1
1.348140,330,360,330,360,0,0,0.000000,1,1
1.366559,330,360,330,360,0,0,0.000000,1,1
1.381350,330,369,330,369,0,0,0.000000,1,1
1.397620,330,369,330,369,0,0,0.000000,1,1
1.408400,330,369,330,369,0,0,0.000000,1,1
1.431037,330,376,330,376,0,0,0.000000,1,1
1.444606,330,376,330,376,0,0,0.000000,1,1
1.457905,330,376,330,376,0,0,0.000000,1,1
1.475610,330,383,330,383,0,0,0.000000,1,1
1.491248,330,383,330,383,0,0,0.000000,1,1
1.499311,330,389,330,389,0,0,0.000000,1,1
1.515564,330,389,330,389,0,0,0.000000,1,1
1.527768,330,389,330,389,0,0,0.000000,1,1
1.542063,330,393,330,393,0,0,0.000000,1,1
1.556702,330,393,330,393,0,0,0.000000,1,1
1.569973,330,393,330,393,0,0,0.000000,1,1
1.579903,330,400,330,400,0,0,0.000000,1,1
1.590035,330,400,330,400,0,0,0.000000,1,1
1.602865,330,400,330,400,0,0,0.000000,1,1
1.613347,330,400,330,400,0,0,0.000000,1,1
1.625263,330,404,330,404,0,0,0.000000,1,1
1.641306,330,404,330,404,0,0,0.000000,1,1
1.660426,330,404,330,404,0,0,0.000000,1,1
1.669718,330,404,330,404,0,0,0.000000,1,1
1.684009,330,411,330,411,0,0,0.000000,1,1
1.691439,330,411,330,411,0,0,0.000000,1,1
1.705252,330,411,330,411,0,0,0.000000,1,1
1.715948,330,411,330,411,0,0,0.000000,1,1
1.724679,330,421,330,421,0,0,0.000000,1,1
1.731690,330,421,330,421,0,0,0.000000,1,1
1.750244,330,421,330,421,0,0,0.000000,1,1
1.759856,330,421,330,421,0,0,0.000000,1,1
1.772688,330,429,330,429,0,0,0.000000,1,1
1.795614,330,429,330,429,0,0,0.000000,1,1
1.807863,330,429,330,429,0,0,0.000000,1,1
1.818993,330,437,330,437,0,0,0.000000,1,1
1.829423,330,437,330,437,0,0,0.000000,1,1
1.840613,330,437,330,437,0,0,0.000000,1,1
1.848733,330,437,330,437,0,0,0.000000,1,1
1.861175,330,442,330,442,0,0,0.000000,1,1
1.881857,330,442,330,442,0,0,0.000000,1,1
1.894478,330,442,330,442,0,0,0.000000,1,1
1.908153,330,450,330,450,0,0,0.000000,1,1
1.924910,330,450,330,450,0,0,0.000000,1,1
1.942618,330,450,330,450,0,0,0.000000,1,1
1.954931,330,457,330,457,0,0,0.000000,1,1
1.974778,330,457,330,457,0,0,0.000000,1,1
1.999865,330,457,330,457,0,0,0.000000,1,1
2.016027,330,465,330,465,0,0,0.000000,1,1
