event,elapsed_since_start,elapsed_since_last_command,green_x,green_y,blue_x,blue_y,computed_error_x,computed_error_y,computed_error_distance,error_x_flag,error_y_flag
command,0.000276,,,,,,,,,,
during_commands,0.009009,0.008733,330,395,330,395,0,0,0.000000,1,1
during_commands,0.020308,0.020032,330,395,330,395,0,0,0.000000,1,1
during_commands,0.030130,0.029853,330,395,330,395,0,0,0.000000,1,1
during_commands,0.039196,0.038920,330,395,330,395,0,0,0.000000,1,1
during_commands,0.048773,0.048497,330,231,330,231,0,0,0.000000,1,1
during_commands,0.064542,0.064266,330,231,330,231,0,0,0.000000,1,1
during_commands,0.077949,0.077673,330,231,11,337,319,-106,336.150264,0,1
during_commands,0.088973,0.088697,330,231,11,337,319,-106,336.150264,0,1
during_commands,0.100789,0.100513,330,233,11,335,319,-102,334.910436,0,1
command,0.100824,,,,,,,,,,
during_commands,0.111874,0.011050,330,233,11,335,319,-102,334.910436,0,1
during_commands,0.120237,0.019414,330,233,11,335,319,-102,334.910436,0,1
during_commands,0.130156,0.029332,330,233,11,335,319,-102,334.910436,0,1
during_commands,0.139989,0.039166,330,236,11,332,319,-96,333.132106,0,1
during_commands,0.169926,0.069102,330,236,330,236,0,0,0.000000,0,1
during_commands,0.184782,0.083958,330,236,330,236,0,0,0.000000,1,1
during_commands,0.218668,0.117844,330,238,330,238,0,0,0.000000,1,1
command,0.218723,,,,,,,,,,
during_commands,0.239934,0.021211,330,238,330,238,0,0,0.000000,1,1
during_commands,0.255964,0.037241,330,239,11,329,319,-90,331.452862,0,1
during_commands,0.264656,0.045933,330,239,11,329,319,-90,331.452862,0,1
during_commands,0.277734,0.059011,330,239,11,329,319,-90,331.452862,0,1
during_commands,0.287891,0.069168,330,240,11,328,319,-88,330.915397,0,1
during_commands,0.298167,0.079444,330,240,11,328,319,-88,330.915397,0,1
during_commands,0.311157,0.092434,330,240,330,240,0,0,0.000000,1,1
command,0.311177,,,,,,,,,,
during_commands,0.321255,0.010078,330,240,11,328,319,-88,330.915397,1,1
during_commands,0.335457,0.024280,330,240,11,328,319,-88,330.915397,0,1
during_commands,0.348862,0.037685,330,240,11,328,319,-88,330.915397,0,1
during_commands,0.365337,0.054160,330,240,11,328,319,-88,330.915397,0,1
during_commands,0.376813,0.065637,330,241,330,241,0,0,0.000000,1,1
during_commands,0.389053,0.077876,330,241,330,241,0,0,0.000000,1,1
during_commands,0.400762,0.089586,330,241,330,241,0,0,0.000000,1,1
command,0.400768,,,,,,,,,,
during_commands,0.422731,0.021963,330,242,11,326,319,-84,329.874218,0,1
during_commands,0.431996,0.031229,330,242,11,326,319,-84,329.874218,0,1
during_commands,0.439932,0.039165,330,242,11,326,319,-84,329.874218,0,1
during_commands,0.456264,0.055497,330,243,330,243,0,0,0.000000,1,1
during_commands,0.475920,0.075152,330,243,330,243,0,0,0.000000,1,1
during_commands,0.494829,0.094061,330,244,330,244,0,0,0.000000,1,1
during_commands,0.508603,0.107836,330,244,330,244,0,0,0.000000,1,1
command,0.508658,,,,,,,,,,
during_commands,0.522250,0.013592,330,244,11,324,319,-80,328.878397,0,1
during_commands,0.529769,0.021111,330,244,11,324,319,-80,328.878397,0,1
during_commands,0.543339,0.034681,330,244,11,324,319,-80,328.878397,0,1
during_commands,0.556287,0.047629,330,244,11,324,319,-80,328.878397,0,1
during_commands,0.577441,0.068783,330,244,330,244,0,0,0.000000,1,1
during_commands,0.587631,0.078973,330,244,330,244,0,0,0.000000,1,1
during_commands,0.595438,0.086780,330,244,330,244,0,0,0.000000,1,1
during_commands,0.608261,0.099603,330,244,330,244,0,0,0.000000,1,1
command,0.608280,,,,,,,,,,
during_commands,0.619753,0.011474,330,244,330,244,0,0,0.000000,1,1
during_commands,0.632263,0.023983,330,244,11,324,319,-80,328.878397,0,1
during_commands,0.643193,0.034913,330,244,11,324,319,-80,328.878397,0,1
during_commands,0.657298,0.049018,330,244,11,324,319,-80,328.878397,0,1
during_commands,0.677156,0.068876,330,244,330,244,0,0,0.000000,0,1
during_commands,0.686860,0.078580,330,244,330,244,0,0,0.000000,1,1
during_commands,0.698709,0.090429,330,244,330,244,0,0,0.000000,1,1
during_commands,0.719010,0.110730,330,244,330,244,0,0,0.000000,1,1
command,0.719029,,,,,,,,,,
during_commands,0.731263,0.012235,330,244,11,324,319,-80,328.878397,0,1
during_commands,0.744204,0.025176,330,244,11,324,319,-80,328.878397,0,1
during_commands,0.752706,0.033678,330,244,11,324,319,-80,328.878397,0,1
during_commands,0.770244,0.051215,330,244,330,244,0,0,0.000000,0,1
during_commands,0.795843,0.076814,330,244,330,244,0,0,0.000000,1,1
during_commands,0.808426,0.089397,330,243,330,243,0,0,0.000000,1,1
command,0.808440,,,,,,,,,,
during_commands,0.821931,0.013491,330,243,11,325,319,-82,329.370612,0,1
during_commands,0.830826,0.022387,330,243,11,325,319,-82,329.370612,0,1
during_commands,0.850817,0.042377,330,242,11,326,319,-84,329.874218,0,1
during_commands,0.863491,0.055051,330,242,11,326,319,-84,329.874218,0,1
during_commands,0.876281,0.067841,330,242,330,242,0,0,0.000000,1,1
during_commands,0.883896,0.075456,330,242,330,242,0,0,0.000000,1,1
during_commands,0.900317,0.091878,330,242,330,242,0,0,0.000000,1,1
command,0.900329,,,,,,,,,,
during_commands,0.911702,0.011373,330,242,11,326,319,-84,329.874218,1,1
during_commands,0.920279,0.019950,330,242,11,326,319,-84,329.874218,0,1
during_commands,0.934442,0.034113,330,241,11,327,319,-86,330.389164,0,1
during_commands,0.949476,0.049147,330,241,11,327,319,-86,330.389164,0,1
during_commands,0.976562,0.076233,330,241,330,241,0,0,0.000000,1,1
during_commands,0.989826,0.089498,330,240,330,240,0,0,0.000000,1,1
during_commands,0.999018,0.098689,330,240,330,240,0,0,0.000000,1,1
after_stop,1.015503,0.115174,330,240,330,240,0,0,0.000000,1,1
after_stop,1.032134,0.131805,330,239,330,239,0,0,0.000000,1,1
after_stop,1.041962,0.141633,330,239,330,239,0,0,0.000000,1,1
after_stop,1.054760,0.154431,330,239,330,239,0,0,0.000000,1,1
after_stop,1.078766,0.178437,330,237,330,237,0,0,0.000000,1,1
after_stop,1.091496,0.191167,330,237,330,237,0,0,0.000000,1,1
after_stop,1.100753,0.200424,330,237,330,237,0,0,0.000000,1,1
after_stop,1.119060,0.218731,330,236,330,236,0,0,0.000000,1,1
after_stop,1.130414,0.230086,330,236,330,236,0,0,0.000000,1,1
after_stop,1.140740,0.240411,330,236,330,236,0,0,0.000000,1,1
after_stop,1.160298,0.259970,330,235,330,235,0,0,0.000000,1,1
after_stop,1.172740,0.272411,330,235,330,235,0,0,0.000000,1,1
after_stop,1.193592,0.293263,330,235,330,235,0,0,0.000000,1,1
after_stop,1.207699,0.307370,330,233,330,233,0,0,0.000000,1,1
after_stop,1.219846,0.319517,330,233,330,233,0,0,0.000000,1,1
after_stop,1.236735,0.336406,330,233,330,233,0,0,0.000000,1,1
after_stop,1.246402,0.346073,330,232,330,232,0,0,0.000000,1,1
after_stop,1.263791,0.363462,330,232,330,232,0,0,0.000000,1,1
after_stop,1.283084,0.382755,330,232,330,232,0,0,0.000000,1,1
after_stop,1.293869,0.393540,330,230,330,230,0,0,0.000000,1,1
after_stop,1.305287,0.404958,330,230,330,230,0,0,0.000000,1,1
after_stop,1.315862,0.415534,330,230,330,230,0,0,0.000000,1,1
after_stop,1.328510,0.428181,330,230,330,230,0,0,0.000000,1,1
after_stop,1.337487,0.437158,330,229,330,229,0,0,0.000000,1,1
after_stop,1.348652,0.448323,330,229,330,229,0,0,0.000000,1,1
after_stop,1.370577,0.470248,330,229,330,229,0,0,0.000000,1,1
after_stop,1.382103,0.481774,330,227,330,227,0,0,0.000000,1,1
after_stop,1.396382,0.496053,330,227,330,227,0,0,0.000000,1,1
after_stop,1.417597,0.517269,330,227,330,227,0,0,0.000000,1,1
after_stop,1.432226,0.531897,330,226,330,226,0,0,0.000000,1,1
after_stop,1.444157,0.543828,330,226,330,226,0,0,0.000000,1,1
after_stop,1.459402,0.559074,330,226,330,226,0,0,0.000000,1,1
after_stop,1.482210,0.581881,330,226,330,226,0,0,0.000000,1,1
after_stop,1.501367,0.601039,330,225,330,225,0,0,0.000000,1,1
after_stop,1.515448,0.615120,330,225,330,225,0,0,0.000000,1,1
after_stop,1.532238,0.631909,330,225,330,225,0,0,0.000000,1,1
after_stop,1.552675,0.652346,330,224,330,224,0,0,0.000000,1,1
after_stop,1.565394,0.665065,330,224,330,224,0,0,0.000000,1,1
after_stop,1.578918,0.678589,330,224,330,224,0,0,0.000000,1,1
after_stop,1.590970,0.690641,330,223,330,223,0,0,0.000000,1,1
after_stop,1.602953,0.702624,330,223,330,223,0,0,0.000000,1,1
after_stop,1.615410,0.715081,330,223,330,223,0,0,0.000000,1,1
after_stop,1.632238,0.731909,330,223,330,223,0,0,0.000000,1,1
after_stop,1.656649,0.756320,330,223,330,223,0,0,0.000000,1,1
after_stop,1.672074,0.771746,330,223,330,223,0,0,0.000000,1,1
after_stop,1.686386,0.786057,330,223,330,223,0,0,0.000000,1,1
after_stop,1.701748,0.801419,330,223,330,223,0,0,0.000000,1,1
after_stop,1.715492,0.815163,330,223,330,223,0,0,0.000000,1,1
after_stop,1.728136,0.827807,330,223,330,223,0,0,0.000000,1,1
after_stop,1.746008,0.845679,330,223,330,223,0,0,0.000000,1,1
after_stop,1.755393,0.855064,330,223,330,223,0,0,0.000000,1,1
after_stop,1.765559,0.865230,330,223,330,223,0,0,0.000000,1,1
after_stop,1.783181,0.882852,330,223,330,223,0,0,0.000000,1,1
after_stop,1.795623,0.895294,330,223,330,223,0,0,0.000000,1,1
after_stop,1.803921,0.903592,330,223,330,223,0,0,0.000000,1,1
after_stop,1.815873,0.915544,330,223,330,223,0,0,0.000000,1,1
after_stop,1.824081,0.923752,330,223,330,223,0,0,0.000000,1,1
after_stop,1.839769,0.939440,330,223,330,223,0,0,0.000000,1,1
after_stop,1.865624,0.965295,330,224,330,224,0,0,0.000000,1,1
after_stop,1.880231,0.979902,330,224,330,224,0,0,0.000000,1,1
after_stop,1.896684,0.996355,330,225,330,225,0,0,0.000000,1,1
after_stop,1.904053,1.003724,330,225,330,225,0,0,0.000000,1,1
after_stop,1.915433,1.015105,330,225,330,225,0,0,0.000000,1,1
after_stop,1.928979,1.028650,330,225,330,225,0,0,0.000000,1,1
after_stop,1.937085,1.036756,330,225,330,225,0,0,0.000000,1,1
after_stop,1.953100,1.052772,330,225,330,225,0,0,0.000000,1,1
after_stop,1.965403,1.065074,330,225,330,225,0,0,0.000000,1,1
after_stop,1.980327,1.079998,330,226,330,226,0,0,0.000000,1,1
after_stop,2.000625,1.100296,330,226,330,226,0,0,0.000000,1,1
after_stop,2.009487,1.109158,330,226,330,226,0,0,0.000000,1,1
after_stop,2.017503,1.117174,330,228,330,228,0,0,0.000000,1,1
after_stop,2.032644,1.132315,330,228,330,228,0,0,0.000000,1,1
after_stop,2.049721,1.149393,330,228,330,228,0,0,0.000000,1,1
after_stop,2.061990,1.161661,330,228,330,228,0,0,0.000000,1,1
after_stop,2.072650,1.172322,330,228,330,228,0,0,0.000000,1,1
after_stop,2.096654,1.196325,330,228,330,228,0,0,0.000000,1,1
after_stop,2.116906,1.216577,330,230,330,230,0,0,0.000000,1,1
after_stop,2.133878,1.233549,330,230,330,230,0,0,0.000000,1,1
after_stop,2.151814,1.251485,330,230,330,230,0,0,0.000000,1,1
after_stop,2.165912,1.265583,330,231,330,231,0,0,0.000000,1,1
after_stop,2.176578,1.276250,330,231,330,231,0,0,0.000000,1,1
after_stop,2.199421,1.299092,330,231,330,231,0,0,0.000000,1,1
after_stop,2.208441,1.308112,330,231,330,231,0,0,0.000000,1,1
after_stop,2.220586,1.320257,330,236,330,236,0,0,0.000000,1,1
after_stop,2.243544,1.343215,330,236,330,236,0,0,0.000000,1,1
after_stop,2.252563,1.352234,330,236,330,236,0,0,0.000000,1,1
after_stop,2.261773,1.361444,330,241,330,241,0,0,0.000000,1,1
after_stop,2.273462,1.373133,330,241,330,241,0,0,0.000000,1,1
after_stop,2.291199,1.390871,330,241,330,241,0,0,0.000000,1,1
after_stop,2.302229,1.401900,330,244,330,244,0,0,0.000000,1,1
after_stop,2.315662,1.415333,330,244,330,244,0,0,0.000000,1,1
after_stop,2.329603,1.429274,330,244,330,244,0,0,0.000000,1,1
after_stop,2.354989,1.454660,330,249,330,249,0,0,0.000000,1,1
after_stop,2.367218,1.466889,330,249,330,249,0,0,0.000000,1,1
after_stop,2.377542,1.477214,330,249,330,249,0,0,0.000000,1,1
after_stop,2.394541,1.494212,330,256,330,256,0,0,0.000000,1,1
after_stop,2.404562,1.504234,330,256,330,256,0,0,0.000000,1,1
after_stop,2.416829,1.516500,330,256,330,256,0,0,0.000000,1,1
after_stop,2.424951,1.524622,330,261,330,261,0,0,0.000000,1,1
after_stop,2.437327,1.536998,330,261,330,261,0,0,0.000000,1,1
after_stop,2.450078,1.549749,330,261,330,261,0,0,0.000000,1,1
after_stop,2.457914,1.557586,330,261,330,261,0,0,0.000000,1,1
after_stop,2.465408,1.565079,330,265,330,265,0,0,0.000000,1,1
after_stop,2.485299,1.584970,330,265,330,265,0,0,0.000000,1,1
after_stop,2.498199,1.597870,330,265,330,265,0,0,0.000000,1,1
after_stop,2.516781,1.616453,330,270,330,270,0,0,0.000000,1,1
after_stop,2.527996,1.627667,330,270,330,270,0,0,0.000000,1,1
after_stop,2.537157,1.636829,330,270,330,270,0,0,0.000000,1,1
after_stop,2.550127,1.649798,330,277,330,277,0,0,0.000000,1,1
after_stop,2.568582,1.668253,330,277,330,277,0,0,0.000000,1,1
after_stop,2.580755,1.680426,330,277,330,277,0,0,0.000000,1,1
after_stop,2.590091,1.689762,330,281,330,281,0,0,0.000000,1,1
after_stop,2.599652,1.699323,330,281,330,281,0,0,0.000000,1,1
after_stop,2.617194,1.716865,330,281,330,281,0,0,0.000000,1,1
after_stop,2.630411,1.730083,330,281,330,281,0,0,0.000000,1,1
after_stop,2.638786,1.738457,330,288,330,288,0,0,0.000000,1,1
after_stop,2.650142,1.749813,330,288,330,288,0,0,0.000000,1,1
after_stop,2.661399,1.761070,330,288,330,288,0,0,0.000000,1,1
after_stop,2.674899,1.774570,330,288,330,288,0,0,0.000000,1,1
after_stop,2.693200,1.792871,330,297,330,297,0,0,0.000000,1,1
after_stop,2.707371,1.807042,330,297,330,297,0,0,0.000000,1,1
after_stop,2.717817,1.817488,330,297,330,297,0,0,0.000000,1,1
after_stop,2.734191,1.833862,330,305,330,305,0,0,0.000000,1,1
after_stop,2.747650,1.847321,330,305,330,305,0,0,0.000000,1,1
after_stop,2.759802,1.859473,330,305,330,305,0,0,0.000000,1,1
after_stop,2.773938,1.873609,330,311,330,311,0,0,0.000000,1,1
after_stop,2.791841,1.891512,330,311,330,311,0,0,0.000000,1,1
after_stop,2.804722,1.904393,330,311,330,311,0,0,0.000000,1,1
after_stop,2.816696,1.916367,330,316,330,316,0,0,0.000000,1,1
after_stop,2.826385,1.926056,330,316,330,316,0,0,0.000000,1,1
after_stop,2.837488,1.937160,330,316,330,316,0,0,0.000000,1,1
after_stop,2.854709,1.954381,330,316,330,316,0,0,0.000000,1,1
after_stop,2.867753,1.967424,330,323,330,323,0,0,0.000000,1,1
after_stop,2.883471,1.983142,330,323,330,323,0,0,0.000000,1,1
after_stop,2.909391,2.009062,330,323,330,323,0,0,0.000000,1,1
after_stop,2.924201,2.023872,330,333,330,333,0,0,0.000000,1,1
after_stop,2.933284,2.032955,330,333,330,333,0,0,0.000000,1,1
after_stop,2.945598,2.045270,330,333,330,333,0,0,0.000000,1,1
after_stop,2.966589,2.066260,330,339,330,339,0,0,0.000000,1,1
after_stop,2.974072,2.073743,330,339,330,339,0,0,0.000000,1,1
after_stop,2.987644,2.087315,330,339,330,339,0,0,0.000000,1,1
after_stop,3.002047,2.101718,330,346,330,346,0,0,0.000000,1,1
