elapsed_time,green_x,green_y,blue_x,blue_y,error_x,error_y
0.010280,612,480,612,480,1,1
0.020084,606,469,606,469,1,1
0.036752,606,469,606,469,1,1
0.051845,606,469,606,469,1,1
0.062884,463,255,463,255,1,1
0.078518,463,255,463,255,1,1
0.097226,463,255,463,255,1,1
0.112839,464,258,464,258,1,1
0.130574,464,258,464,258,1,1
0.152748,464,258,464,258,1,1
0.163890,465,262,465,262,1,1
0.179679,465,262,465,262,1,1
0.202428,465,262,465,262,1,1
0.212993,466,266,466,266,1,1
0.227538,466,266,466,266,1,1
0.240899,466,266,466,266,1,1
0.256149,466,272,466,272,1,1
0.273877,466,272,466,272,1,1
0.287038,466,272,466,272,1,1
0.305173,466,277,466,277,1,1
0.320288,466,277,466,277,1,1
0.331122,466,277,466,277,1,1
0.347198,466,283,466,283,1,1
0.362858,466,283,466,283,1,1
0.380716,466,283,466,283,1,1
0.395674,465,290,465,290,1,1
0.412670,465,290,465,290,1,1
0.429550,465,290,465,290,1,1
0.445146,464,296,464,296,1,1
0.462929,464,296,464,296,1,1
0.478536,464,296,464,296,1,1
0.493393,463,305,463,305,1,1
0.509734,463,305,463,305,1,1
0.520028,463,305,463,305,1,1
0.535063,461,314,461,314,1,1
0.546122,461,314,461,314,1,1
0.562952,461,314,461,314,1,1
0.575231,460,321,460,321,1,1
0.589457,460,321,460,321,1,1
0.599467,460,321,460,321,1,1
0.610841,458,329,458,329,1,1
0.632394,458,329,458,329,1,1
0.640228,458,329,458,329,1,1
0.648393,456,337,456,337,1,1
0.662840,456,337,456,337,1,1
0.674660,456,337,456,337,1,1
0.683887,456,337,456,337,1,1
0.696744,454,345,454,345,1,1
0.717879,454,345,454,345,1,1
0.736199,454,345,454,345,1,1
0.745949,451,356,451,356,1,1
0.759531,451,356,451,356,1,1
0.770145,451,356,451,356,1,1
0.785688,451,356,451,356,1,1
0.804506,449,364,449,364,1,1
0.819603,449,364,449,364,1,1
0.834648,449,364,449,364,1,1
0.849782,446,375,446,375,1,1
0.860823,446,375,446,375,1,1
0.879688,446,375,446,375,1,1
0.894843,443,387,443,387,1,1
0.909915,443,387,443,387,1,1
0.929077,443,387,443,387,1,1
0.943448,440,396,440,396,1,1
0.955518,440,396,440,396,1,1
0.973848,440,396,440,396,1,1
0.989027,438,405,438,405,1,1
1.000376,438,405,438,405,1,1
1.019801,438,405,438,405,1,1
1.035669,435,414,435,414,1,1
1.044163,435,414,435,414,1,1
1.061612,435,414,435,414,1,1
1.076453,431,427,431,427,1,1
1.086109,431,427,431,427,1,1
1.103743,431,427,431,427,1,1
1.122298,429,434,429,434,1,1
1.130998,429,434,429,434,1,1
1.140988,429,434,429,434,1,1
1.149420,426,445,426,445,1,1
1.157111,426,445,426,445,1,1
1.166368,426,445,426,445,1,1
1.181991,426,445,426,445,1,1
1.194939,424,451,424,451,1,1
1.209392,424,451,424,451,1,1
1.221287,424,451,424,451,1,1
1.231862,424,451,424,451,1,1
1.240123,421,464,421,464,1,1
1.252142,421,464,421,464,1,1
1.262757,421,464,421,464,1,1
1.279678,421,464,421,464,1,1
1.290179,419,472,419,472,1,1
1.301695,419,472,419,472,1,1
1.311361,419,472,419,472,1,1
1.322887,419,472,419,472,1,1
1.332758,416,484,416,484,1,1
1.347424,416,484,416,484,1,1
1.363103,416,484,416,484,1,1
1.375754,414,493,414,493,1,1
1.389356,414,493,414,493,1,1
1.413081,414,493,414,493,1,1
1.429968,412,500,412,500,1,1
1.442638,412,500,412,500,1,1
1.451030,412,500,412,500,1,1
1.460918,411,507,411,507,1,1
1.477875,411,507,411,507,1,1
1.493129,411,507,411,507,1,1
1.506805,410,512,410,512,1,1
1.519452,410,512,410,512,1,1
1.541289,410,512,410,512,1,1
1.563258,409,517,409,517,1,1
1.579062,409,517,409,517,1,1
1.594912,408,524,408,524,1,1
1.610919,408,524,408,524,1,1
1.625742,408,524,408,524,1,1
1.642002,408,527,408,527,1,1
1.651959,408,527,408,527,1,1
1.659484,408,527,408,527,1,1
1.675990,408,527,408,527,1,1
1.689070,408,532,408,532,1,1
1.702124,408,532,408,532,1,1
1.712982,408,532,408,532,1,1
1.722470,408,537,408,537,1,1
1.734485,408,537,408,537,1,1
1.745018,408,537,408,537,1,1
1.760520,408,537,408,537,1,1
1.773648,408,540,408,540,1,1
1.786046,408,540,408,540,1,1
1.794380,408,540,408,540,1,1
1.805379,408,544,408,544,1,1
1.822925,408,544,408,544,1,1
1.833582,408,544,408,544,1,1
1.843740,408,547,408,547,1,1
1.852481,408,547,408,547,1,1
1.862654,408,547,408,547,1,1
1.876539,408,547,408,547,1,1
1.894724,409,550,409,550,1,1
1.901856,409,550,409,550,1,1
1.919641,409,550,409,550,1,1
1.934768,409,550,409,550,1,1
1.954147,411,554,411,554,1,1
1.966585,411,554,411,554,1,1
1.977700,411,554,411,554,1,1
1.996690,413,557,413,557,1,1
2.012214,413,557,413,557,1,1
2.026201,413,557,413,557,1,1
2.034425,415,558,415,558,1,1
2.042518,415,558,415,558,1,1
2.055009,415,558,415,558,1,1
2.063263,415,558,415,558,1,1
2.078292,418,559,418,559,1,1
2.095568,418,559,418,559,1,1
2.108612,418,559,418,559,1,1
2.119231,421,559,421,559,1,1
2.128192,421,559,421,559,1,1
2.149626,421,559,421,559,1,1
2.160839,421,559,421,559,1,1
2.179695,425,558,425,558,1,1
2.196680,425,558,425,558,1,1
2.207262,425,558,425,558,1,1
2.228597,430,556,430,556,1,1
2.243381,430,556,430,556,1,1
2.261698,430,556,430,556,1,1
2.271544,435,553,435,553,1,1
2.286843,435,553,435,553,1,1
2.300443,435,553,435,553,1,1
2.311290,439,550,439,550,1,1
2.327716,439,550,439,550,1,1
2.339646,439,550,439,550,1,1
2.348055,444,545,444,545,1,1
2.370911,444,545,444,545,1,1
2.378246,444,545,444,545,1,1
2.391310,451,539,451,539,1,1
2.403512,451,539,451,539,1,1
2.415027,451,539,451,539,1,1
2.427559,457,533,457,533,1,1
2.439838,457,533,457,533,1,1
2.459382,457,533,457,533,1,1
2.469136,457,533,457,533,1,1
2.477442,464,527,464,527,1,1
2.489894,464,527,464,527,1,1
2.504646,464,527,464,527,1,1
2.520220,464,527,464,527,1,1
2.531099,472,518,472,518,1,1
2.552135,472,518,472,518,1,1
2.562869,472,518,472,518,1,1
2.579645,482,507,482,507,1,1
2.601870,482,507,482,507,1,1
2.612735,482,507,482,507,1,1
2.627897,489,499,489,499,1,1
2.644081,489,499,489,499,1,1
2.652464,489,499,489,499,1,1
2.664477,497,491,497,491,1,1
2.679570,497,491,497,491,1,1
2.702442,497,491,497,491,1,1
2.712734,504,482,504,482,1,1
2.728310,504,482,504,482,1,1
2.748949,504,482,504,482,1,1
2.762906,512,473,512,473,1,1
2.778432,512,473,512,473,1,1
2.798800,512,473,512,473,1,1
2.809005,519,465,519,465,1,1
2.829917,519,465,519,465,1,1
2.849575,519,465,519,465,1,1
2.866712,525,458,525,458,1,1
2.879645,525,458,525,458,1,1
2.895455,525,458,525,458,1,1
2.907508,525,458,525,458,1,1
2.917599,535,447,535,447,1,1
2.929745,535,447,535,447,1,1
2.944917,535,447,535,447,1,1
2.955098,535,447,535,447,1,1
2.972439,544,435,544,435,1,1
2.984412,544,435,544,435,1,1
2.996020,544,435,544,435,1,1
3.011397,552,427,552,427,1,1
3.026064,552,427,552,427,1,1
3.038522,552,427,552,427,1,1
3.049757,560,418,560,418,1,1
3.063004,560,418,560,418,1,1
3.076682,560,418,560,418,1,1
3.092267,567,410,567,410,1,1
3.102446,567,410,567,410,1,1
3.116594,567,410,567,410,1,1
3.137153,574,402,574,402,1,1
3.153789,574,402,574,402,1,1
3.168211,581,394,581,394,1,1
3.183768,581,394,581,394,1,1
3.191897,581,394,581,394,1,1
3.210312,588,387,588,387,1,1
3.223850,588,387,588,387,1,1
3.236526,588,387,588,387,1,1
3.246255,595,380,595,380,1,1
3.263067,595,380,595,380,1,1
3.282287,595,380,595,380,1,1
3.292435,598,377,598,377,1,1
3.310538,598,377,598,377,1,1
3.321529,598,377,598,377,1,1
3.339118,606,369,606,369,1,1
3.357010,606,369,606,369,1,1
3.372482,613,362,613,362,1,1
3.380033,613,362,613,362,1,1
3.391781,613,362,613,362,1,1
3.407112,613,362,613,362,1,1
3.428355,617,358,617,358,1,1
3.438567,617,358,617,358,1,1
3.449322,617,358,617,358,1,1
3.465212,626,350,626,350,1,1
3.477605,626,350,626,350,1,1
3.488930,626,350,626,350,1,1
3.503426,635,342,635,342,1,1
3.513595,635,342,635,342,1,1
3.524630,635,342,635,342,1,1
3.534726,641,336,641,336,1,1
3.549003,641,336,641,336,1,1
3.556580,641,336,641,336,1,1
3.565572,641,336,641,336,1,1
3.579516,646,331,646,331,1,1
3.593511,646,331,646,331,1,1
3.607869,646,331,646,331,1,1
3.620643,654,324,654,324,1,1
3.641141,654,324,654,324,1,1
3.651087,654,324,654,324,1,1
3.665441,660,318,660,318,1,1
3.674684,660,318,660,318,1,1
3.686346,660,318,660,318,1,1
3.700243,660,318,660,318,1,1
3.717216,668,311,668,311,1,1
3.733411,668,311,668,311,1,1
3.742189,668,311,668,311,1,1
3.759874,676,302,676,302,1,1
3.777149,676,302,676,302,1,1
3.788242,676,302,676,302,1,1
3.801053,682,295,682,295,1,1
3.823421,682,295,682,295,1,1
3.836262,682,295,682,295,1,1
3.849528,689,287,689,287,1,1
3.867935,689,287,689,287,1,1
3.878914,689,287,689,287,1,1
3.888146,699,277,699,277,1,1
3.895995,699,277,699,277,1,1
3.917560,699,277,699,277,1,1
3.929573,699,277,699,277,1,1
3.939710,705,270,705,270,1,1
3.950493,705,270,705,270,1,1
3.962994,705,270,705,270,1,1
3.971901,705,270,705,270,1,1
3.983938,717,255,717,255,1,1
3.996405,717,255,717,255,1,1
4.009736,717,255,717,255,1,1
4.028202,717,255,717,255,1,1
4.036892,724,246,724,246,1,1
4.051489,724,246,724,246,1,1
4.062411,724,246,724,246,1,1
4.079671,722,241,722,241,1,1
4.095298,722,241,722,241,1,1
4.113047,722,241,722,241,1,1
4.126515,708,239,708,239,1,1
4.141149,708,239,708,239,1,1
4.162957,708,239,708,239,1,1
4.178272,692,236,692,236,1,1
4.193654,692,236,692,236,1,1
4.209006,692,236,692,236,1,1
4.220202,681,235,681,235,1,1
4.244256,681,235,681,235,1,1
4.260294,681,235,681,235,1,1
4.270552,670,233,670,233,1,1
4.288472,670,233,670,233,1,1
4.303141,670,233,670,233,1,1
4.316002,656,231,656,231,1,1
4.333870,656,231,656,231,1,1
4.347327,656,231,656,231,1,1
4.368420,641,229,641,229,1,1
4.380444,641,229,641,229,1,1
4.391361,641,229,641,229,1,1
4.408340,630,228,630,228,1,1
4.422602,630,228,630,228,1,1
4.435995,630,228,630,228,1,1
4.445957,619,227,619,227,1,1
4.466868,619,227,619,227,1,1
4.477486,619,227,619,227,1,1
4.496576,607,225,607,225,1,1
4.512484,607,225,607,225,1,1
4.528003,607,225,607,225,1,1
4.538306,595,224,595,224,1,1
4.554343,595,224,595,224,1,1
4.565499,595,224,595,224,1,1
4.575041,589,224,589,224,1,1
4.587322,589,224,589,224,1,1
4.602548,589,224,589,224,1,1
4.611014,589,224,589,224,1,1
4.629454,580,223,580,223,1,1
4.646726,580,223,580,223,1,1
4.662850,580,223,580,223,1,1
4.678082,569,222,569,222,1,1
4.690110,569,222,569,222,1,1
4.698252,569,222,569,222,1,1
4.712777,561,222,561,222,1,1
4.735210,561,222,561,222,1,1
4.743511,561,222,561,222,1,1
4.759517,552,221,552,221,1,1
4.778078,552,221,552,221,1,1
4.787949,552,221,552,221,1,1
4.796180,543,220,543,220,1,1
4.806254,543,220,543,220,1,1
4.821345,543,220,543,220,1,1
4.831434,543,220,543,220,1,1
4.841564,532,219,532,219,1,1
4.852660,532,219,532,219,1,1
4.864089,532,219,532,219,1,1
4.879328,532,219,532,219,1,1
4.894554,516,217,516,217,1,1
4.908822,516,217,516,217,1,1
4.927595,516,217,516,217,1,1
4.937218,500,215,500,215,1,1
4.951661,500,215,500,215,1,1
4.965335,500,215,500,215,1,1
4.982857,488,214,488,214,1,1
4.997265,488,214,488,214,1,1
5.007226,488,214,488,214,1,1
5.020467,475,212,475,212,1,1
5.040239,475,212,475,212,1,1
5.061011,475,212,475,212,1,1
5.070065,462,210,462,210,1,1
5.087485,462,210,462,210,1,1
5.096952,462,210,462,210,1,1
5.111713,448,208,448,208,1,1
5.121318,448,208,448,208,1,1
5.135403,448,208,448,208,1,1
5.144826,434,206,434,206,1,1
5.156545,434,206,434,206,1,1
5.170709,434,206,434,206,1,1
5.182946,434,206,434,206,1,1
5.194134,423,205,423,205,1,1
5.211266,423,205,423,205,1,1
5.224690,423,205,423,205,1,1
5.234593,401,201,401,201,1,1
5.247130,401,201,401,201,1,1
5.263604,401,201,401,201,1,1
5.279369,401,201,401,201,1,1
5.293667,389,200,389,200,1,1
5.311351,389,200,389,200,1,1
5.327288,389,200,389,200,1,1
5.336912,367,196,367,196,1,1
5.354891,367,196,367,196,1,1
5.365363,367,196,367,196,1,1
5.383531,356,195,356,195,1,1
5.401960,356,195,356,195,1,1
5.412317,356,195,356,195,1,1
5.422355,338,192,338,192,1,1
5.441260,338,192,338,192,1,1
5.456249,338,192,338,192,1,1
5.466424,327,190,327,190,1,1
5.479549,327,190,327,190,1,1
5.498687,327,190,327,190,1,1
5.515168,314,188,314,188,1,1
5.529551,314,188,314,188,1,1
5.544873,314,188,314,188,1,1
5.567493,300,187,300,187,1,1
5.579695,300,187,300,187,1,1
5.589739,300,187,300,187,1,1
5.604762,288,185,288,185,1,1
5.623396,288,185,288,185,1,1
5.636867,288,185,288,185,1,1
5.652334,276,183,276,183,1,1
5.660720,276,183,276,183,1,1
5.679544,276,183,276,183,1,1
5.698423,264,182,264,182,1,1
5.723115,264,182,264,182,1,1
5.732741,254,181,254,181,1,1
5.748122,254,181,254,181,1,1
5.757376,254,181,254,181,1,1
5.766203,254,181,254,181,1,1
5.777655,247,180,247,180,1,1
5.792287,247,180,247,180,1,1
5.802856,247,180,247,180,1,1
5.812798,237,180,237,180,1,1
5.835115,237,180,237,180,1,1
5.844038,237,180,237,180,1,1
5.862873,231,179,231,179,1,1
5.877606,231,179,231,179,1,1
5.890334,231,179,231,179,1,1
5.911636,224,179,224,179,1,1
5.923228,224,179,224,179,1,1
5.933866,224,179,224,179,1,1
5.952128,219,180,219,180,1,1
5.965530,219,180,219,180,1,1
5.977596,219,180,219,180,1,1
5.988039,216,180,216,180,1,1
5.996243,216,180,216,180,1,1
6.006728,216,180,216,180,1,1
6.015362,216,180,216,180,1,1
6.032663,214,181,214,181,1,1
6.053154,214,181,214,181,1,1
6.065651,214,181,214,181,1,1
6.081492,212,183,212,183,1,1
6.097443,212,183,212,183,1,1
6.108205,212,183,212,183,1,1
6.120841,213,185,213,185,1,1
6.141143,213,185,213,185,1,1
6.159494,213,185,213,185,1,1
6.179638,214,187,214,187,1,1
6.192467,214,187,214,187,1,1
6.207917,214,187,214,187,1,1
6.217007,217,189,217,189,1,1
6.238598,217,189,217,189,1,1
6.250589,217,189,217,189,1,1
6.262997,220,191,220,191,1,1
6.284355,220,191,220,191,1,1
6.295297,220,191,220,191,1,1
6.312967,224,193,224,193,1,1
6.326098,224,193,224,193,1,1
6.336035,224,193,224,193,1,1
6.346249,229,196,229,196,1,1
6.362941,229,196,229,196,1,1
6.379654,229,196,229,196,1,1
6.397112,235,199,235,199,1,1
6.410865,235,199,235,199,1,1
6.422987,235,199,235,199,1,1
6.437220,235,199,235,199,1,1
6.447225,243,203,243,203,1,1
6.462965,243,203,243,203,1,1
6.474975,243,203,243,203,1,1
6.495016,243,203,243,203,1,1
6.517137,251,206,251,206,1,1
6.525857,251,206,251,206,1,1
6.543328,251,206,251,206,1,1
6.560606,261,211,261,211,1,1
6.575879,261,211,261,211,1,1
6.593672,261,211,261,211,1,1
6.606526,272,215,272,215,1,1
6.620058,272,215,272,215,1,1
6.634410,272,215,272,215,1,1
6.652411,284,220,284,220,1,1
6.662703,284,220,284,220,1,1
6.679482,284,220,284,220,1,1
6.704047,296,225,296,225,1,1
6.716410,296,225,296,225,1,1
6.734130,296,225,296,225,1,1
6.752713,310,231,310,231,1,1
6.770566,310,231,310,231,1,1
6.786071,320,235,320,235,1,1
6.801361,320,235,320,235,1,1
6.811736,320,235,320,235,1,1
6.822238,332,239,332,239,1,1
6.832422,332,239,332,239,1,1
6.847399,332,239,332,239,1,1
6.862655,332,239,332,239,1,1
6.877395,343,244,343,244,1,1
6.892898,343,244,343,244,1,1
6.901519,343,244,343,244,1,1
6.910771,358,249,358,249,1,1
6.922164,358,249,358,249,1,1
6.935565,358,249,358,249,1,1
6.944152,358,249,358,249,1,1
6.962824,364,252,364,252,1,1
6.978101,364,252,364,252,1,1
6.993748,364,252,364,252,1,1
7.012894,382,259,382,259,1,1
7.024351,382,259,382,259,1,1
7.033917,382,259,382,259,1,1
7.046855,394,263,394,263,1,1
7.061256,394,263,394,263,1,1
7.069995,394,263,394,263,1,1
7.091853,394,263,394,263,1,1
7.103497,410,269,410,269,1,1
7.115641,410,269,410,269,1,1
7.125713,410,269,410,269,1,1
7.135736,423,274,423,274,1,1
7.154231,423,274,423,274,1,1
7.166444,423,274,423,274,1,1
7.179524,436,279,436,279,1,1
7.194392,436,279,436,279,1,1
7.209617,436,279,436,279,1,1
7.229569,445,283,445,283,1,1
7.243529,445,283,445,283,1,1
7.255304,445,283,445,283,1,1
7.263030,458,287,458,287,1,1
7.279700,458,287,458,287,1,1
7.294135,458,287,458,287,1,1
7.309431,468,291,468,291,1,1
7.320343,468,291,468,291,1,1
7.329534,468,291,468,291,1,1
7.340039,481,296,481,296,1,1
7.351734,481,296,481,296,1,1
7.359385,481,296,481,296,1,1
7.367222,481,296,481,296,1,1
7.384967,497,302,497,302,1,1
7.400019,497,302,497,302,1,1
7.409824,497,302,497,302,1,1
7.426897,509,307,509,307,1,1
7.444634,509,307,509,307,1,1
7.452593,509,307,509,307,1,1
7.463188,522,312,522,312,1,1
7.477917,522,312,522,312,1,1
7.492655,522,312,522,312,1,1
7.502544,535,316,535,316,1,1
7.512738,535,316,535,316,1,1
7.528176,535,316,535,316,1,1
7.542993,535,316,535,316,1,1
7.558835,544,320,544,320,1,1
7.576938,544,320,544,320,1,1
7.588768,544,320,544,320,1,1
7.605191,559,326,559,326,1,1
7.614439,559,326,559,326,1,1
7.632550,559,326,559,326,1,1
7.645662,574,332,574,332,1,1
7.655875,574,332,574,332,1,1
7.674286,574,332,574,332,1,1
7.684335,574,332,574,332,1,1
7.692962,589,337,589,337,1,1
7.712632,589,337,589,337,1,1
7.724361,589,337,589,337,1,1
7.737285,600,342,600,342,1,1
7.747049,600,342,600,342,1,1
7.767769,600,342,600,342,1,1
7.779438,612,346,612,346,1,1
7.794945,612,346,612,346,1,1
7.813481,612,346,612,346,1,1
7.824232,622,350,622,350,1,1
7.837274,622,350,622,350,1,1
7.859423,622,350,622,350,1,1
7.872612,630,353,630,353,1,1
7.887486,630,353,630,353,1,1
7.902502,630,353,630,353,1,1
7.917661,640,357,640,357,1,1
7.929445,640,357,640,357,1,1
7.952257,640,357,640,357,1,1
7.961471,649,360,649,360,1,1
7.978883,649,360,649,360,1,1
7.999871,649,360,649,360,1,1
8.012793,660,364,660,364,1,1
8.028275,660,364,660,364,1,1
8.044904,660,364,660,364,1,1
8.059330,670,368,670,368,1,1
8.070683,670,368,670,368,1,1
8.090131,670,368,670,368,1,1
8.106102,675,369,675,369,1,1
8.122449,675,369,675,369,1,1
8.139655,675,369,675,369,1,1
8.162829,681,371,681,371,1,1
8.178447,681,371,681,371,1,1
8.194730,688,373,688,373,1,1
8.208435,688,373,688,373,1,1
8.225199,688,373,688,373,1,1
8.243125,690,373,690,373,1,1
8.254259,690,373,690,373,1,1
8.265537,690,373,690,373,1,1
8.277618,695,373,695,373,1,1
8.293580,695,373,695,373,1,1
8.311093,695,373,695,373,1,1
8.329433,697,373,697,373,1,1
8.343678,697,373,697,373,1,1
8.365583,697,373,697,373,1,1
8.382131,698,373,698,373,1,1
8.392738,698,373,698,373,1,1
8.405882,698,373,698,373,1,1
8.421369,698,373,698,373,1,1
8.434963,699,371,699,371,1,1
8.450949,699,371,699,371,1,1
8.470279,699,371,699,371,1,1
8.481689,699,368,699,368,1,1
8.497032,699,368,699,368,1,1
8.520084,699,368,699,368,1,1
8.540170,698,366,698,366,1,1
8.556861,698,366,698,366,1,1
8.568347,698,366,698,366,1,1
8.579896,694,362,694,362,1,1
8.595167,694,362,694,362,1,1
8.613415,694,362,694,362,1,1
8.626955,692,360,692,360,1,1
8.639339,692,360,692,360,1,1
8.658252,692,360,692,360,1,1
8.679953,688,356,688,356,1,1
8.695447,688,356,688,356,1,1
8.712855,688,356,688,356,1,1
8.727672,685,353,685,353,1,1
8.740158,685,353,685,353,1,1
8.748134,685,353,685,353,1,1
8.762956,680,349,680,349,1,1
8.778623,680,349,680,349,1,1
8.790402,680,349,680,349,1,1
8.800433,675,344,675,344,1,1
8.813047,675,344,675,344,1,1
8.835367,675,344,675,344,1,1
8.851035,671,341,671,341,1,1
8.862860,671,341,671,341,1,1
8.876513,671,341,671,341,1,1
8.885913,665,336,665,336,1,1
8.893582,665,336,665,336,1,1
8.904672,665,336,665,336,1,1
8.917750,665,336,665,336,1,1
8.935758,658,330,658,330,1,1
8.946650,658,330,658,330,1,1
8.960936,658,330,658,330,1,1
8.979539,648,322,648,322,1,1
8.992498,648,322,648,322,1,1
9.008032,648,322,648,322,1,1
9.016753,642,317,642,317,1,1
9.029558,642,317,642,317,1,1
9.038425,642,317,642,317,1,1
9.050088,642,317,642,317,1,1
9.063513,637,313,637,313,1,1
9.078701,637,313,637,313,1,1
9.094444,637,313,637,313,1,1
9.113142,626,305,626,305,1,1
9.128178,626,305,626,305,1,1
9.140450,626,305,626,305,1,1
9.155247,621,300,621,300,1,1
9.166852,621,300,621,300,1,1
9.184091,621,300,621,300,1,1
9.198654,616,296,616,296,1,1
9.212890,616,296,616,296,1,1
9.226144,616,296,616,296,1,1
9.235351,608,290,608,290,1,1
9.246046,608,290,608,290,1,1
9.261552,608,290,608,290,1,1
9.277152,603,286,603,286,1,1
9.295596,603,286,603,286,1,1
9.312672,603,286,603,286,1,1
9.332174,596,281,596,281,1,1
9.346378,596,281,596,281,1,1
9.362114,596,281,596,281,1,1
9.377393,589,274,589,274,1,1
9.390167,589,274,589,274,1,1
9.399329,589,274,589,274,1,1
9.416765,584,271,584,271,1,1
9.433599,584,271,584,271,1,1
9.448299,584,271,584,271,1,1
9.464925,579,266,579,266,1,1
9.476667,579,266,579,266,1,1
9.483658,579,266,579,266,1,1
9.492489,574,262,574,262,1,1
9.504023,574,262,574,262,1,1
9.518337,574,262,574,262,1,1
9.527585,574,262,574,262,1,1
9.546562,568,257,568,257,1,1
9.562715,568,257,568,257,1,1
9.578889,568,257,568,257,1,1
9.595164,563,252,563,252,1,1
9.612863,563,252,563,252,1,1
9.629634,563,252,563,252,1,1
9.645363,559,248,559,248,1,1
9.662073,559,248,559,248,1,1
9.671388,559,248,559,248,1,1
9.687812,553,243,553,243,1,1
9.698570,553,243,553,243,1,1
9.717106,553,243,553,243,1,1
9.738057,550,241,550,241,1,1
9.750798,550,241,550,241,1,1
9.762809,550,241,550,241,1,1
9.778077,546,236,546,236,1,1
9.792631,546,236,546,236,1,1
9.801334,546,236,546,236,1,1
9.810713,542,233,542,233,1,1
9.829675,542,233,542,233,1,1
9.844648,542,233,542,233,1,1
9.854818,539,230,539,230,1,1
9.873151,539,230,539,230,1,1
9.895135,539,230,539,230,1,1
9.904393,536,227,536,227,1,1
9.915980,536,227,536,227,1,1
9.929032,536,227,536,227,1,1
9.944969,532,223,532,223,1,1
9.962946,532,223,532,223,1,1
9.978536,532,223,532,223,1,1
9.993973,528,220,528,220,1,1
10.007317,528,220,528,220,1,1
