elapsed_time,object_size,green_x,green_y,blue_x,blue_y,error_x,error_y
0.009998375004215632,10,902,373,902,373,1,1
0.024537666999094654,10,902,392,902,392,1,1
0.04161904200009303,10,902,392,902,392,1,1
0.05487662499945145,10,902,392,902,392,1,1
0.06613129199831747,10,704,880,704,880,1,1
0.07214412499888567,10,704,880,704,880,1,1
0.07983662500191713,10,704,880,704,880,1,1
0.09187200000451412,10,704,880,704,880,1,1
0.10988237499987008,10,706,880,706,880,1,1
0.12206308299937518,10,706,880,706,880,1,1
0.13208095799927833,10,706,880,706,880,1,1
0.15201891700417036,10,710,880,710,880,1,1
0.1626995420010644,10,710,880,710,880,1,1
0.17370900000241818,10,710,880,710,880,1,1
0.18380470800184412,10,712,880,712,880,1,1
0.19590820799930952,10,712,880,712,880,1,1
0.20674633300222922,10,712,880,712,880,1,1
0.21396150000509806,10,712,880,712,880,1,1
0.23122479199810186,10,717,880,717,880,1,1
0.2439994169981219,10,717,880,717,880,1,1
0.2567082079985994,10,717,880,717,880,1,1
0.27150458300457103,10,721,880,721,880,1,1
0.2847500830030185,10,721,880,721,880,1,1
0.2994490830024006,10,721,880,721,880,1,1
0.30902345800132025,10,726,880,726,880,1,1
0.322511124999437,10,726,880,726,880,1,1
0.3406597920038621,10,726,880,726,880,1,1
0.35513658299896633,10,729,880,729,880,1,1
0.36523570799909066,10,729,880,729,880,1,1
0.3814548750015092,10,729,880,729,880,1,1
0.39934604200243484,10,733,880,733,880,1,1
0.4124599170027068,10,733,880,733,880,1,1
0.4226154170028167,10,733,880,733,880,1,1
0.43742383299832,10,737,880,737,880,1,1
0.4462557500010007,10,737,880,737,880,1,1
0.46796720800193725,10,737,880,737,880,1,1
0.48893820800003596,10,741,880,741,880,1,1
0.49771324999892386,10,741,880,741,880,1,1
0.5152921670014621,10,741,880,741,880,1,1
0.5341043330045068,10,745,880,745,880,1,1
0.5472755830051028,10,745,880,745,880,1,1
0.5636518329993123,10,745,880,745,880,1,1
0.5744501250010217,10,750,877,750,877,1,1
0.5917692500006524,10,750,877,750,877,1,1
0.6138256670019473,10,750,877,750,877,1,1
0.6245974580015172,10,753,870,753,870,1,1
0.6414062080002623,10,753,870,753,870,1,1
0.657005917004426,10,753,870,753,870,1,1
0.6739736669987906,10,758,861,758,861,1,1
0.6838129169991589,10,758,861,758,861,1,1
0.696056958004192,10,758,861,758,861,1,1
0.71866754200164,10,762,852,762,852,1,1
0.7261185829993337,10,762,852,762,852,1,1
0.7410888330050511,10,762,852,762,852,1,1
0.7553183330019237,10,768,841,768,841,1,1
0.7702247499983059,10,768,841,768,841,1,1
0.7826701250014594,10,768,841,768,841,1,1
0.7917335000020103,10,774,829,774,829,1,1
0.7999925000040093,10,774,829,774,829,1,1
0.8119577920006122,10,774,829,774,829,1,1
0.8240437499989639,10,774,829,774,829,1,1
0.8387610830031917,10,779,820,779,820,1,1
0.8485174579982413,10,779,820,779,820,1,1
0.8652974170036032,10,779,820,779,820,1,1
0.8766502920043422,10,779,820,779,820,1,1
0.8905582920051529,10,784,810,784,810,1,1
0.9122180830017896,10,784,810,784,810,1,1
0.9210899579993566,10,784,810,784,810,1,1
0.9314385000034235,10,790,798,790,798,1,1
0.9414552500020363,10,790,798,790,798,1,1
0.9560162499983562,10,790,798,790,798,1,1
0.9645529170011287,10,790,798,790,798,1,1
0.9763883749983506,10,796,786,796,786,1,1
0.9990273750008782,10,796,786,796,786,1,1
1.0168750829980127,10,796,786,796,786,1,1
1.0327306670005783,10,803,774,803,774,1,1
1.0510689170041587,10,803,774,803,774,1,1
1.0624176670025918,10,803,774,803,774,1,1
1.077231583003595,10,808,765,808,765,1,1
1.0907708750019083,10,808,765,808,765,1,1
1.1075891250002314,10,808,765,808,765,1,1
1.1445982920049573,10,813,755,813,755,1,1
1.1575867499996093,10,818,745,818,745,1,1
1.1662821670033736,10,818,745,818,745,1,1
1.185191707998456,10,818,745,818,745,1,1
1.1972908329989878,10,818,745,818,745,1,1
1.2171889169985661,10,819,743,819,743,1,1
1.2318506250012433,10,819,743,819,743,1,1
1.2475309170040418,10,819,743,819,743,1,1
1.2573524580002413,10,827,728,827,728,1,1
1.2670311250039958,10,827,728,827,728,1,1
1.2854946670049685,10,827,728,827,728,1,1
1.2978901250025956,10,827,728,827,728,1,1
1.3114774170026067,10,832,719,832,719,1,1
1.3293935830006376,10,832,719,832,719,1,1
1.3403197080042446,10,832,719,832,719,1,1
1.3507832500035875,10,841,702,841,702,1,1
1.3634524580047582,10,841,702,841,702,1,1
1.3733635419994243,10,841,702,841,702,1,1
1.390414708002936,10,841,702,841,702,1,1
1.408353333004925,10,847,690,847,690,1,1
1.4250651250040391,10,847,690,847,690,1,1
1.4338551670007291,10,847,690,847,690,1,1
1.443411083004321,10,854,676,854,676,1,1
1.4568370830020285,10,854,676,854,676,1,1
1.4667767920036567,10,854,676,854,676,1,1
1.4825728330033598,10,854,676,854,676,1,1
1.491484042002412,10,857,671,857,671,1,1
1.4990027919993736,10,857,671,857,671,1,1
1.5075019170035375,10,857,671,857,671,1,1
1.527069167001173,10,857,671,857,671,1,1
1.536831917001109,10,864,657,864,657,1,1
1.5478057920045103,10,864,657,864,657,1,1
1.554962667003565,10,864,657,864,657,1,1
1.5713470420014346,10,864,657,864,657,1,1
1.580787083003088,10,871,644,871,644,1,1
1.5882943750038976,10,871,644,871,644,1,1
1.5972152500035008,10,871,644,871,644,1,1
1.612933875003364,10,871,644,871,644,1,1
1.6242673750020913,10,876,635,876,635,1,1
1.633618125000794,10,876,635,876,635,1,1
1.6415002920039115,10,876,635,876,635,1,1
1.6489069579984061,10,876,635,876,635,1,1
1.6619310000023688,10,881,624,881,624,1,1
1.6762344169983407,10,881,624,881,624,1,1
1.6858334580028895,10,881,624,881,624,1,1
1.6974982920000912,10,887,613,887,613,1,1
1.7052586670033634,10,887,613,887,613,1,1
1.7205946250032866,10,887,613,887,613,1,1
1.7280821250024019,10,887,613,887,613,1,1
1.7416458330044406,10,892,602,892,602,1,1
1.7492143330018735,10,892,602,892,602,1,1
1.762698124999588,10,892,602,892,602,1,1
1.7733545420051087,10,892,602,892,602,1,1
1.7823150000040187,10,898,592,898,592,1,1
1.7923811250002473,10,898,592,898,592,1,1
1.8089078330012853,10,898,592,898,592,1,1
1.82061291699938,10,898,592,898,592,1,1
1.8280243330009398,10,902,584,902,584,1,1
1.837850249998155,10,902,584,902,584,1,1
1.8443131250023725,10,902,584,902,584,1,1
1.8557632919983007,10,902,584,902,584,1,1
1.863746082999569,10,908,572,908,572,1,1
1.8786487079996732,10,908,572,908,572,1,1
1.8857897499983665,10,908,572,908,572,1,1
1.8954668330043205,10,908,572,908,572,1,1
1.9047121250041528,10,914,561,914,561,1,1
1.9218402080005035,10,914,561,914,561,1,1
1.9342772500021965,10,914,561,914,561,1,1
1.942124250002962,10,920,549,920,549,1,1
1.9515018750025774,10,920,549,920,549,1,1
1.965926374999981,10,920,549,920,549,1,1
1.9753933329993743,10,920,549,920,549,1,1
1.986576374998549,10,924,542,924,542,1,1
1.9997345420051715,10,924,542,924,542,1,1
2.0118074170022737,10,924,542,924,542,1,1
2.021044332999736,10,929,531,929,531,1,1
2.027459666998766,10,929,531,929,531,1,1
2.0351396670012036,10,929,531,929,531,1,1
2.044113832998846,10,929,531,929,531,1,1
2.0572667500018724,10,929,531,929,531,1,1
2.065819208000903,10,932,525,932,525,1,1
2.0842036250032834,10,932,525,932,525,1,1
2.0931004579979344,10,932,525,932,525,1,1
2.105842875003873,10,937,515,937,515,1,1
2.113599249998515,10,937,515,937,515,1,1
2.129515833003097,10,937,515,937,515,1,1
2.1378771669988055,10,937,515,937,515,1,1
2.147180958003446,10,940,509,940,509,1,1
2.1594485419991543,10,940,509,940,509,1,1
2.1741515419998905,10,940,509,940,509,1,1
2.1811678750018473,10,940,509,940,509,1,1
2.192633457998454,10,945,498,945,498,1,1
2.2004789170023287,10,945,498,945,498,1,1
2.218434125003114,10,945,498,945,498,1,1
2.2268867079983465,10,945,498,945,498,1,1
2.2370920829998795,10,949,490,949,490,1,1
2.24525949999952,10,949,490,949,490,1,1
2.2546471250025206,10,949,490,949,490,1,1
2.265465958000277,10,949,490,949,490,1,1
2.276830458002223,10,954,480,954,480,1,1
2.2854008750000503,10,954,480,954,480,1,1
2.2983812500024214,10,954,480,954,480,1,1
2.308943750002072,10,954,480,954,480,1,1
2.325840541998332,10,957,474,957,474,1,1
2.3342810419999296,10,957,474,957,474,1,1
2.34304137500294,10,957,474,957,474,1,1
2.354640167002799,10,961,465,961,465,1,1
2.3707865000033053,10,961,465,961,465,1,1
2.3779397500038613,10,961,465,961,465,1,1
2.39048654200451,10,964,459,964,459,1,1
2.3981419580013608,10,964,459,964,459,1,1
2.4140163749980275,10,964,459,964,459,1,1
2.4219810420036083,10,964,459,964,459,1,1
2.4354235420032637,10,966,455,966,455,1,1
2.4432271250043414,10,966,455,966,455,1,1
2.454442417001701,10,966,455,966,455,1,1
2.462204167000891,10,966,455,966,455,1,1
2.473895791998075,10,970,446,970,446,1,1
2.4929059999994934,10,970,446,970,446,1,1
2.5017803330047172,10,970,446,970,446,1,1
2.5117000419995748,10,973,439,973,439,1,1
2.5202756250000675,10,973,439,973,439,1,1
2.5342236249998678,10,973,439,973,439,1,1
2.541996583000582,10,973,439,973,439,1,1
2.5558176670019748,10,977,431,977,431,1,1
2.5628667499986477,10,977,431,977,431,1,1
2.5764118330043857,10,977,431,977,431,1,1
2.5838735830038786,10,977,431,977,431,1,1
2.5941032920018188,10,981,422,981,422,1,1
2.6060496249992866,10,981,422,981,422,1,1
2.622785749998002,10,981,422,981,422,1,1
2.6318503330039675,10,981,422,981,422,1,1
2.6428200000009383,10,986,413,986,413,1,1
2.651834374999453,10,986,413,986,413,1,1
2.6614812500047265,10,986,413,986,413,1,1
2.6721118749992456,10,986,413,986,413,1,1
2.6791485420035315,10,989,407,989,407,1,1
2.693472083003144,10,989,407,989,407,1,1
2.700756917001854,10,989,407,989,407,1,1
2.7100237920021755,10,989,407,989,407,1,1
2.7206555000011576,10,994,397,994,397,1,1
2.7353216250048717,10,994,397,994,397,1,1
2.7430984169986914,10,994,397,994,397,1,1
2.7545108330014045,10,994,397,994,397,1,1
2.7626687080046395,10,998,389,998,389,1,1
2.7769403330021305,10,998,389,998,389,1,1
2.7855777080039843,10,998,389,998,389,1,1
2.7919696669996483,10,998,389,998,389,1,1
2.805454417000874,10,1002,381,1002,381,1,1
2.8226102500048,10,1002,381,1002,381,1,1
2.8307640420025564,10,1002,381,1002,381,1,1
2.8425596250017406,10,1007,370,1007,370,1,1
2.8502619580031023,10,1007,370,1007,370,1,1
2.860537291999208,10,1007,370,1007,370,1,1
2.867873832998157,10,1007,370,1007,370,1,1
2.8772892499982845,10,1011,361,1011,361,1,1
2.887904292001622,10,1011,361,1011,361,1,1
2.8997279579998576,10,1011,361,1011,361,1,1
2.906927458003338,10,1011,361,1011,361,1,1
2.919542708004883,10,1017,350,1017,350,1,1
2.9328902080014814,10,1017,350,1017,350,1,1
2.9443217500011087,10,1017,350,1017,350,1,1
2.951853333004692,10,1017,350,1017,350,1,1
2.9616660000028787,10,1022,341,1022,341,1,1
2.9692033329993137,10,1022,341,1022,341,1,1
2.986041791999014,10,1022,341,1022,341,1,1
2.9946366250005667,10,1022,341,1022,341,1,1
3.0041907920021913,10,1028,329,1028,329,1,1
3.0138510830001906,10,1028,329,1028,329,1,1
3.027431667003839,10,1028,329,1028,329,1,1
3.0349245830002474,10,1028,329,1028,329,1,1
3.0441230420037755,10,1033,318,1033,318,1,1
3.0570506250005565,10,1033,318,1033,318,1,1
3.0637552500047605,10,1033,318,1033,318,1,1
3.075860625001951,10,1033,318,1033,318,1,1
3.0887816670001484,10,1039,306,1039,306,1,1
3.1009192920028,10,1039,306,1039,306,1,1
3.111459208004817,10,1039,306,1039,306,1,1
3.1191211250043125,10,1039,306,1039,306,1,1
3.1329583330007154,10,1048,290,1048,290,1,1
3.1449421670040465,10,1048,290,1048,290,1,1
3.1545196250008303,10,1048,290,1048,290,1,1
3.1630778750040918,10,1054,278,1054,278,1,1
3.1744452080019983,10,1054,278,1054,278,1,1
3.1872907920042053,10,1054,278,1054,278,1,1
3.1958002079991275,10,1054,278,1054,278,1,1
3.2046849170001224,10,1059,268,1059,268,1,1
3.211930208002741,10,1059,268,1059,268,1,1
3.2294325000038953,10,1059,268,1059,268,1,1
3.237037375001819,10,1059,268,1059,268,1,1
3.2458351669993135,10,1066,255,1066,255,1,1
3.2565099580024253,10,1066,255,1066,255,1,1
3.2685555830030353,10,1066,255,1066,255,1,1
3.2769332919997396,10,1066,255,1066,255,1,1
3.28722070799995,10,1074,239,1074,239,1,1
3.3016181249986403,10,1074,239,1074,239,1,1
3.310768082999857,10,1074,239,1074,239,1,1
3.319499666999036,10,1074,239,1074,239,1,1
3.329344375000801,10,1083,223,1083,223,1,1
3.3429014580033254,10,1083,223,1083,223,1,1
3.3511731250036974,10,1083,223,1083,223,1,1
3.3604361250036163,10,1083,223,1083,223,1,1
3.3678507920049015,10,1092,205,1092,205,1,1
3.3850444170020637,10,1092,205,1092,205,1,1
3.394003417000931,10,1092,205,1092,205,1,1
3.4038457499991637,10,1100,190,1100,190,1,1
3.414544792001834,10,1100,190,1100,190,1,1
3.4281216250019497,10,1100,190,1100,190,1,1
3.43511566700181,10,1100,190,1100,190,1,1
3.445314832999429,10,1107,177,1107,177,1,1
3.456440041998576,10,1107,177,1107,177,1,1
3.471926958001859,10,1107,177,1107,177,1,1
3.4791640420007752,10,1107,177,1107,177,1,1
3.487944000000425,10,1102,187,1102,187,1,1
3.498083250000491,10,1102,187,1102,187,1,1
3.5070396669980255,10,1102,187,1102,187,1,1
3.5211968750008964,10,1102,187,1102,187,1,1
3.529194374998042,10,1095,199,1095,199,1,1
3.5371633329996257,10,1095,199,1095,199,1,1
3.5452586250030436,10,1095,199,1095,199,1,1
3.558082417002879,10,1095,199,1095,199,1,1
3.5712286249981844,10,1087,214,1087,214,1,1
3.583322208003665,10,1087,214,1087,214,1,1
3.590763166997931,10,1087,214,1087,214,1,1
3.6086799170007,10,1087,214,1087,214,1,1
3.617077250004513,10,1080,228,1080,228,1,1
3.630479291998199,10,1080,228,1080,228,1,1
3.6379979999983334,10,1080,228,1080,228,1,1
3.651459375003469,10,1080,228,1080,228,1,1
3.6620300830036285,10,1071,245,1071,245,1,1
3.671896250001737,10,1071,245,1071,245,1,1
3.681392250000499,10,1071,245,1071,245,1,1
3.6926272499986226,10,1071,245,1071,245,1,1
3.7095071250005276,10,1064,258,1064,258,1,1
3.721523457999865,10,1064,258,1064,258,1,1
3.7299354999995558,10,1064,258,1064,258,1,1
3.739768792001996,10,1058,271,1058,271,1,1
3.756508250000479,10,1058,271,1058,271,1,1
3.764555833004124,10,1058,271,1058,271,1,1
3.772038708004402,10,1051,283,1051,283,1,1
3.7853854580025654,10,1051,283,1051,283,1,1
3.800378958003421,10,1051,283,1051,283,1,1
3.8108362080020015,10,1051,283,1051,283,1,1
3.820012666998082,10,1046,292,1046,292,1,1
3.8301620420024847,10,1046,292,1046,292,1,1
3.843106332999014,10,1046,292,1046,292,1,1
3.8503329169980134,10,1046,292,1046,292,1,1
3.8604787080039387,10,1039,306,1039,306,1,1
3.868937167004333,10,1039,306,1039,306,1,1
3.8782403750010417,10,1039,306,1039,306,1,1
3.887146583001595,10,1039,306,1039,306,1,1
3.8961439580016304,10,1033,318,1033,318,1,1
3.915602000000945,10,1033,318,1033,318,1,1
3.9244696669993573,10,1033,318,1033,318,1,1
3.9329350420011906,10,1028,329,1028,329,1,1
3.946794708004745,10,1028,329,1028,329,1,1
3.9605856249982025,10,1028,329,1028,329,1,1
3.9700153330049943,10,1028,329,1028,329,1,1
3.976576125001884,10,1024,337,1024,337,1,1
3.98806054200395,10,1024,337,1024,337,1,1
4.00081808300456,10,1024,337,1024,337,1,1
4.010901917004958,10,1024,337,1024,337,1,1
4.018873958004406,10,1019,347,1019,347,1,1
4.0283675829996355,10,1019,347,1019,347,1,1
4.040257250002469,10,1019,347,1019,347,1,1
4.0517735829998855,10,1019,347,1019,347,1,1
4.06177100000059,10,1013,358,1013,358,1,1
4.0739274580046185,10,1013,358,1013,358,1,1
4.081223624998529,10,1013,358,1013,358,1,1
4.092526749998797,10,1013,358,1013,358,1,1
4.100374875000853,10,1008,369,1008,369,1,1
4.1108057079982245,10,1008,369,1008,369,1,1
4.122144125001796,10,1008,369,1008,369,1,1
4.131676167002297,10,1008,369,1008,369,1,1
4.142509167002572,10,1002,379,1002,379,1,1
4.15141258299991,10,1002,379,1002,379,1,1
4.168167249998078,10,1002,379,1002,379,1,1
4.17670999999973,10,1002,379,1002,379,1,1
4.188777708004636,10,998,387,998,387,1,1
4.1975502080022125,10,998,387,998,387,1,1
4.211136541998712,10,998,387,998,387,1,1
4.218398458004231,10,998,387,998,387,1,1
4.229700542004139,10,994,396,994,396,1,1
4.237808750003751,10,994,396,994,396,1,1
4.256633458004217,10,994,396,994,396,1,1
4.266682250003214,10,994,396,994,396,1,1
4.277949458002695,10,992,401,992,401,1,1
4.287690917000873,10,992,401,992,401,1,1
4.298771082998428,10,992,401,992,401,1,1
4.308816875003686,10,992,401,992,401,1,1
4.325359208000009,10,987,412,987,412,1,1
4.334058708001976,10,987,412,987,412,1,1
4.34294929200405,10,987,412,987,412,1,1
4.3545126669996534,10,982,421,982,421,1,1
4.370506042003399,10,982,421,982,421,1,1
4.378905417004717,10,982,421,982,421,1,1
4.390448917001777,10,979,427,979,427,1,1
4.398042125001666,10,979,427,979,427,1,1
4.412076624998008,10,979,427,979,427,1,1
4.421664333000081,10,979,427,979,427,1,1
4.428912625000521,10,977,431,977,431,1,1
4.441652417001023,10,977,431,977,431,1,1
4.458025833002466,10,977,431,977,431,1,1
4.469515583004977,10,977,431,977,431,1,1
4.478651999997965,10,973,439,973,439,1,1
4.48743941700377,10,973,439,973,439,1,1
4.499539542004641,10,973,439,973,439,1,1
4.508774499998253,10,973,439,973,439,1,1
4.52578658299899,10,969,448,969,448,1,1
4.535674124999787,10,969,448,969,448,1,1
4.545430208003381,10,969,448,969,448,1,1
4.554807375003293,10,965,456,965,456,1,1
4.570377666997956,10,965,456,965,456,1,1
4.579601917001128,10,965,456,965,456,1,1
4.587959832999331,10,962,462,962,462,1,1
4.597330542004784,10,962,462,962,462,1,1
4.612803750002058,10,962,462,962,462,1,1
4.6236968750017695,10,962,462,962,462,1,1
4.633961958003056,10,960,467,960,467,1,1
4.6443298750018585,10,960,467,960,467,1,1
4.6608787500008475,10,960,467,960,467,1,1
4.672572916999343,10,960,467,960,467,1,1
4.682103833001747,10,955,477,955,477,1,1
4.691130833001807,10,955,477,955,477,1,1
4.703504458004318,10,955,477,955,477,1,1
4.712313542004267,10,955,477,955,477,1,1
4.72345375000441,10,951,486,951,486,1,1
4.732422166998731,10,951,486,951,486,1,1
4.7411664169994765,10,951,486,951,486,1,1
4.7527895829989575,10,951,486,951,486,1,1
4.761857417004649,10,947,493,947,493,1,1
4.773057541999151,10,947,493,947,493,1,1
4.7862493749998976,10,947,493,947,493,1,1
4.799439542002801,10,947,493,947,493,1,1
4.81632987500052,10,944,500,944,500,1,1
4.826588957999775,10,944,500,944,500,1,1
4.832905916999152,10,944,500,944,500,1,1
4.844050542000332,10,940,509,940,509,1,1
4.861004375001357,10,940,509,940,509,1,1
4.867824332999589,10,940,509,940,509,1,1
4.877023667002504,10,937,515,937,515,1,1
4.885856375003641,10,937,515,937,515,1,1
4.8950919170019915,10,937,515,937,515,1,1
4.9067632500009495,10,937,515,937,515,1,1
4.9160066670010565,10,933,523,933,523,1,1
4.934359292004956,10,933,523,933,523,1,1
4.942382125002041,10,933,523,933,523,1,1
4.950107417003892,10,929,531,929,531,1,1
4.960215667000739,10,929,531,929,531,1,1
4.9769747919999645,10,929,531,929,531,1,1
4.990647167003772,10,929,531,929,531,1,1
5.001793750001525,10,925,538,925,538,1,1
5.023063667002134,100,925,538,925,538,1,1
5.032257708000543,100,925,538,925,538,1,1
5.046459917000902,100,920,549,920,549,1,1
5.054013708002458,100,920,549,920,549,1,1
5.070886292000068,100,920,549,920,549,1,1
5.080301041998609,100,920,549,920,549,1,1
5.091006208000181,100,915,559,915,559,1,1
5.104790792000131,100,915,559,915,559,1,1
5.112441625002248,100,915,559,915,559,1,1
5.119937250005023,100,915,559,915,559,1,1
5.12825604200043,100,910,569,910,569,1,1
5.138764499999525,100,910,569,910,569,1,1
5.149854208000761,100,910,569,910,569,1,1
5.15733850000106,100,910,569,910,569,1,1
5.168059875002655,100,906,576,906,576,1,1
5.176738667003519,100,906,576,906,576,1,1
5.193010708004294,100,906,576,906,576,1,1
5.206368125000154,100,906,576,906,576,1,1
5.215741667001566,100,902,584,902,584,1,1
5.233873958000913,100,902,584,902,584,1,1
5.243023625000205,100,902,584,902,584,1,1
5.255800541999633,100,895,598,895,598,1,1
5.2638322499988135,100,895,598,895,598,1,1
5.279208500003733,100,895,598,895,598,1,1
5.286769833001017,100,895,598,895,598,1,1
5.295391792002192,100,888,611,888,611,1,1
5.3082149580004625,100,888,611,888,611,1,1
5.316847875001258,100,888,611,888,611,1,1
5.32885595800326,100,888,611,888,611,1,1
5.338789375004126,100,881,624,881,624,1,1
5.349914042002638,100,881,624,881,624,1,1
5.3571500000034575,100,881,624,881,624,1,1
5.3688250000050175,100,881,624,881,624,1,1
5.376762167004927,100,877,633,877,633,1,1
5.393126499999198,100,877,633,877,633,1,1
5.400852708000457,100,877,633,877,633,1,1
5.412612416999764,100,871,644,871,644,1,1
5.420758625004964,100,871,644,871,644,1,1
5.43438425000204,100,871,644,871,644,1,1
5.44228995800222,100,871,644,871,644,1,1
5.456294625000737,100,865,655,865,655,1,1
5.4647829579989775,100,865,655,865,655,1,1
5.478660833003232,100,865,655,865,655,1,1
5.488774083001772,100,865,655,865,655,1,1
5.495838625000033,100,858,669,858,669,1,1
5.511272708004981,100,858,669,858,669,1,1
5.521937458004686,100,858,669,858,669,1,1
5.528833000003942,100,858,669,858,669,1,1
5.540890249998483,100,852,681,852,681,1,1
5.557564292001189,100,852,681,852,681,1,1
5.564736375003122,100,852,681,852,681,1,1
5.573964167000668,100,844,695,844,695,1,1
5.5840727079994394,100,844,695,844,695,1,1
5.601135292003164,100,844,695,844,695,1,1
5.611725542003114,100,844,695,844,695,1,1
5.621555666999484,100,839,704,839,704,1,1
5.631991333000769,100,839,704,839,704,1,1
5.644332708005095,100,839,704,839,704,1,1
5.654008792000241,100,839,704,839,704,1,1
5.662353625004471,100,833,716,833,716,1,1
5.674292832998617,100,833,716,833,716,1,1
5.686982332998014,100,833,716,833,716,1,1
5.69550375000108,100,833,716,833,716,1,1
5.70978254199872,100,827,728,827,728,1,1
5.717226833003224,100,827,728,827,728,1,1
5.7305350419992465,100,827,728,827,728,1,1
5.739965417000349,100,820,740,820,740,1,1
5.756538000001456,100,820,740,820,740,1,1
5.764986458001658,100,820,740,820,740,1,1
5.779162833001465,100,820,740,820,740,1,1
5.786421791999601,100,814,753,814,753,1,1
5.799847125002998,100,814,753,814,753,1,1
5.8073025420017075,100,814,753,814,753,1,1
5.8201247500037425,100,814,753,814,753,1,1
5.832698792000883,100,808,765,808,765,1,1
5.844241167003929,100,808,765,808,765,1,1
5.854803624999477,100,808,765,808,765,1,1
5.8657977920011035,100,801,777,801,777,1,1
5.875212208004086,100,801,777,801,777,1,1
5.886808125003881,100,801,777,801,777,1,1
5.8952619999981835,100,801,777,801,777,1,1
5.905112542001007,100,795,789,795,789,1,1
5.919464833001257,100,795,789,795,789,1,1
5.92674766699929,100,795,789,795,789,1,1
5.936547167002573,100,795,789,795,789,1,1
5.945130332998815,100,789,801,789,801,1,1
5.961312125000404,100,789,801,789,801,1,1
5.970811083003355,100,789,801,789,801,1,1
5.979386457998771,100,789,801,789,801,1,1
5.992169249999279,100,780,817,780,817,1,1
6.00503325000318,100,780,817,780,817,1,1
6.013551249998272,100,780,817,780,817,1,1
6.024353000000701,100,775,827,775,827,1,1
6.039505291999376,100,775,827,775,827,1,1
6.0505951669983915,100,775,827,775,827,1,1
6.06074662500032,100,771,836,771,836,1,1
6.071017375004885,100,771,836,771,836,1,1
6.078171207998821,100,771,836,771,836,1,1
6.091402500002005,100,771,836,771,836,1,1
6.1011497500003316,100,765,848,765,848,1,1
6.108828333002748,100,765,848,765,848,1,1
6.118516708003881,100,765,848,765,848,1,1
6.127702083002077,100,765,848,765,848,1,1
6.13621512499958,100,759,859,759,859,1,1
6.145511750000878,100,759,859,759,859,1,1
6.152021082998544,100,759,859,759,859,1,1
6.167904667003313,100,759,859,759,859,1,1
6.180774291999114,100,753,870,753,870,1,1
6.188215957998182,100,753,870,753,870,1,1
6.197082416998455,100,753,870,753,870,1,1
6.212282207998214,100,753,870,753,870,1,1
6.221379750000779,100,749,879,749,879,1,1
6.22802162500011,100,749,879,749,879,1,1
6.24067258300056,100,749,879,749,879,1,1
6.2566409170030965,100,749,879,749,879,1,1
6.266981125001621,100,742,880,742,880,1,1
6.280270458002633,100,742,880,742,880,1,1
6.292754667003464,100,742,880,742,880,1,1
6.306166583002778,100,736,880,736,880,1,1
6.321984667003562,100,736,880,736,880,1,1
6.331005500003812,100,736,880,736,880,1,1
6.344404832998407,100,731,880,731,880,1,1
6.355943916998513,100,731,880,731,880,1,1
6.369867333000002,100,731,880,731,880,1,1
6.378344707998622,100,731,880,731,880,1,1
6.386764957998821,100,727,880,727,880,1,1
6.398940457998833,100,727,880,727,880,1,1
6.411757833004231,100,727,880,727,880,1,1
6.419688375004625,100,727,880,727,880,1,1
6.4267235420047655,100,721,880,721,880,1,1
6.4364847500037285,100,721,880,721,880,1,1
6.44412604199897,100,721,880,721,880,1,1
6.454975667002145,100,721,880,721,880,1,1
6.465268500003731,100,717,880,717,880,1,1
6.475341958001081,100,717,880,717,880,1,1
6.486977332999231,100,717,880,717,880,1,1
6.499001625001256,100,717,880,717,880,1,1
6.50647637500515,100,712,880,712,880,1,1
6.515523875001236,100,712,880,712,880,1,1
6.5276474580023205,100,712,880,712,880,1,1
6.536556874998496,100,712,880,712,880,1,1
6.546256875000836,100,707,880,707,880,1,1
6.556250917004945,100,707,880,707,880,1,1
6.571412707999116,100,707,880,707,880,1,1
6.580295375002606,100,707,880,707,880,1,1
6.588931958001922,100,704,880,704,880,1,1
6.600130541999533,100,704,880,704,880,1,1
6.615327416999207,100,704,880,704,880,1,1
6.6246791669982485,100,704,880,704,880,1,1
6.633878458000254,100,700,880,700,880,1,1
6.642546041999594,100,700,880,700,880,1,1
6.6587330420006765,100,700,880,700,880,1,1
6.669074999997974,100,700,880,700,880,1,1
6.6782747079996625,100,696,880,696,880,1,1
6.689417458001117,100,696,880,696,880,1,1
6.703006458003074,100,696,880,696,880,1,1
6.713355125000817,100,696,880,696,880,1,1
6.7283785000036005,100,693,880,693,880,1,1
6.738660499999241,100,693,880,693,880,1,1
6.749774374999106,100,693,880,693,880,1,1
6.7581332080008,100,690,880,690,880,1,1
6.77251070800412,100,690,880,690,880,1,1
6.780361375000211,100,690,880,690,880,1,1
6.7908652080004686,100,690,880,690,880,1,1
6.799890292000782,100,688,880,688,880,1,1
6.817454167001415,100,688,880,688,880,1,1
6.825519375001022,100,688,880,688,880,1,1
6.8371150419989135,100,688,880,688,880,1,1
6.844615250003699,100,686,880,686,880,1,1
6.859718874999089,100,686,880,686,880,1,1
6.871249832998728,100,686,880,686,880,1,1
6.878091750004387,100,686,880,686,880,1,1
6.886149625002872,100,684,880,684,880,1,1
6.900606250004785,100,684,880,684,880,1,1
6.910700000000361,100,684,880,684,880,1,1
6.919540292001329,100,684,880,684,880,1,1
6.934155875002034,100,683,880,683,880,1,1
6.943116583002848,100,683,880,683,880,1,1
6.952351542000542,100,683,880,683,880,1,1
6.971907500002999,100,682,880,682,880,1,1
6.982825083003263,100,682,880,682,880,1,1
6.989896750004846,100,682,880,682,880,1,1
7.000909458001843,100,682,880,682,880,1,1
7.021044875000371,100,682,880,682,880,1,1
7.029607750002469,100,682,880,682,880,1,1
7.0371122080032364,100,682,880,682,880,1,1
7.047735416999785,100,682,880,682,880,1,1
7.063849792000838,100,682,880,682,880,1,1
7.072257583000464,100,682,880,682,880,1,1
7.082145958003821,100,682,880,682,880,1,1
7.0908340829992085,100,682,880,682,880,1,1
7.108988457999658,100,682,880,682,880,1,1
7.117312125003082,100,682,880,682,880,1,1
7.135120208004082,100,682,880,682,880,1,1
7.144269249998615,100,682,880,682,880,1,1
7.152893792001123,100,682,880,682,880,1,1
7.164774249999027,100,683,880,683,880,1,1
7.176991207998071,100,683,880,683,880,1,1
7.186952125004609,100,683,880,683,880,1,1
7.19496991699998,100,683,880,683,880,1,1
7.2066871670031105,100,684,880,684,880,1,1
7.224176292002085,100,684,880,684,880,1,1
7.235028583003441,100,684,880,684,880,1,1
7.244582917002845,100,686,880,686,880,1,1
7.254310958000133,100,686,880,686,880,1,1
7.27046204200451,100,686,880,686,880,1,1
7.279239625000628,100,686,880,686,880,1,1
7.289845416999015,100,687,880,687,880,1,1
7.298920749999525,100,687,880,687,880,1,1
7.316135708002548,100,687,880,687,880,1,1
7.323977167005069,100,687,880,687,880,1,1
7.341509500001848,100,690,880,690,880,1,1
7.352258958002494,100,690,880,690,880,1,1
7.3613800419989275,100,690,880,690,880,1,1
7.372399500003667,100,691,880,691,880,1,1
7.3827816670018365,100,691,880,691,880,1,1
7.392365667001286,100,691,880,691,880,1,1
7.402933124998526,100,691,880,691,880,1,1
7.413764167002228,100,694,880,694,880,1,1
7.42376774999866,100,694,880,694,880,1,1
7.431422292000207,100,694,880,694,880,1,1
7.440947082999628,100,694,880,694,880,1,1
7.450474666999071,100,697,880,697,880,1,1
7.469720417000644,100,697,880,697,880,1,1
7.476916042003722,100,697,880,697,880,1,1
7.487040749998414,100,700,880,700,880,1,1
7.496025125001324,100,700,880,700,880,1,1
7.5121855000033975,100,700,880,700,880,1,1
7.519630374998087,100,700,880,700,880,1,1
7.529094875004375,100,704,880,704,880,1,1
7.539473249998991,100,704,880,704,880,1,1
7.546794875001069,100,704,880,704,880,1,1
7.558426916999451,100,704,880,704,880,1,1
7.568378791998839,100,708,880,708,880,1,1
7.582173833005072,100,708,880,708,880,1,1
7.595512125000823,100,708,880,708,880,1,1
7.602968125000189,100,711,880,711,880,1,1
7.612438750002184,100,711,880,711,880,1,1
7.624768292000226,100,711,880,711,880,1,1
7.632370833001914,100,711,880,711,880,1,1
7.64538325000467,100,715,880,715,880,1,1
7.653161957998236,100,715,880,715,880,1,1
7.670043917001749,100,715,880,715,880,1,1
7.678886917005002,100,715,880,715,880,1,1
7.6916605420046835,100,720,880,720,880,1,1
7.704393167005037,100,720,880,720,880,1,1
7.718937833000382,100,720,880,720,880,1,1
7.725798625004245,100,726,880,726,880,1,1
7.7423655829989,100,726,880,726,880,1,1
7.751067124998372,100,726,880,726,880,1,1
7.760165457999392,100,726,880,726,880,1,1
7.767800542002078,100,730,880,730,880,1,1
7.78306133300066,100,730,880,730,880,1,1
7.792521791998297,100,730,880,730,880,1,1
7.799931542002014,100,730,880,730,880,1,1
7.8099782499994035,100,736,880,736,880,1,1
7.826931250005146,100,736,880,736,880,1,1
7.83639345800475,100,736,880,736,880,1,1
7.849803124998289,100,742,880,742,880,1,1
7.867043666999962,100,742,880,742,880,1,1
7.874505457999476,100,742,880,742,880,1,1
7.883137707998685,100,747,880,747,880,1,1
7.89307175000431,100,747,880,747,880,1,1
7.905770875004237,100,747,880,747,880,1,1
7.916440375003731,100,747,880,747,880,1,1
7.926139041999704,100,753,880,753,880,1,1
7.939206458002445,100,753,880,753,880,1,1
7.9483875000005355,100,753,880,753,880,1,1
7.95752787499805,100,753,880,753,880,1,1
7.967393874998379,100,758,880,758,880,1,1
7.975994667001942,100,758,880,758,880,1,1
7.989245707998634,100,758,880,758,880,1,1
7.998815999999351,100,758,880,758,880,1,1
8.007836875003704,100,766,880,766,880,1,1
8.019188958001905,100,766,880,766,880,1,1
8.031355874998553,100,766,880,766,880,1,1
8.040628333001223,100,766,880,766,880,1,1
8.053106416999071,100,771,880,771,880,1,1
8.064009166999313,100,771,880,771,880,1,1
8.075485250003112,100,771,880,771,880,1,1
8.084312333005073,100,771,880,771,880,1,1
8.094126458003302,100,780,880,780,880,1,1
8.106748999998672,100,780,880,780,880,1,1
8.120439208003518,100,780,880,780,880,1,1
8.127864207999664,100,780,880,780,880,1,1
8.137941624998348,100,787,880,787,880,1,1
8.151647250000678,100,787,880,787,880,1,1
8.162022583004727,100,787,880,787,880,1,1
8.175553166998725,100,787,880,787,880,1,1
8.183201583000482,100,796,880,796,880,1,1
8.194454249998671,100,796,880,796,880,1,1
8.204047792001802,100,796,880,796,880,1,1
8.212368332999176,100,796,880,796,880,1,1
8.225541792002332,100,804,880,804,880,1,1
8.23663079200196,100,804,880,804,880,1,1
8.24466708300315,100,804,880,804,880,1,1
8.254202625001199,100,804,880,804,880,1,1
8.263890125002945,100,811,880,811,880,1,1
8.278883874998428,100,811,880,811,880,1,1
8.28681633299857,100,811,880,811,880,1,1
8.298445792002894,100,811,880,811,880,1,1
8.307561207999242,100,821,880,821,880,1,1
8.321514374998515,100,821,880,821,880,1,1
8.330948125003488,100,821,880,821,880,1,1
8.343033000004652,100,821,880,821,880,1,1
8.35841249999794,100,831,880,831,880,1,1
8.366669583003386,100,831,880,831,880,1,1
8.376287917002628,100,831,880,831,880,1,1
8.38392904200009,100,831,880,831,880,1,1
8.401658916998713,100,841,880,841,880,1,1
8.412121792003745,100,841,880,841,880,1,1
8.421011541999178,100,841,880,841,880,1,1
8.428527417003352,100,852,880,852,880,1,1
8.442811875000189,100,852,880,852,880,1,1
8.451146167004481,100,852,880,852,880,1,1
8.460305833003076,100,852,880,852,880,1,1
8.467771708004875,100,859,880,859,880,1,1
8.484549542001332,100,859,880,859,880,1,1
8.492342292003741,100,859,880,859,880,1,1
8.49995120800304,100,859,880,859,880,1,1
8.509951208005077,100,871,880,871,880,1,1
8.526250374998199,100,871,880,871,880,1,1
8.535755750002863,100,871,880,871,880,1,1
8.54859554200084,100,871,880,871,880,1,1
8.56373700000404,100,882,880,882,880,1,1
8.5710242080022,100,882,880,882,880,1,1
8.579015583003638,100,882,880,882,880,1,1
8.59074783300457,100,882,880,882,880,1,1
8.605653333004739,100,892,879,892,879,1,1
8.612982208003814,100,892,879,892,879,1,1
8.62257933300134,100,892,879,892,879,1,1
8.631477916998847,100,892,879,892,879,1,1
8.64988558299956,100,902,871,902,871,1,1
8.65694262499892,100,902,871,902,871,1,1
8.669544958000188,100,902,871,902,871,1,1
8.681993500002136,100,914,861,914,861,1,1
8.694325042000855,100,914,861,914,861,1,1
8.702169666998088,100,914,861,914,861,1,1
8.714705999998841,100,914,861,914,861,1,1
8.73084141700383,100,922,854,922,854,1,1
8.74002633299824,100,922,854,922,854,1,1
8.758986417000415,100,922,854,922,854,1,1
8.771031832999142,100,935,844,935,844,1,1
8.778475750004873,100,935,844,935,844,1,1
8.786049333000847,100,935,844,935,844,1,1
8.79736991700338,100,935,844,935,844,1,1
8.812992667000799,100,945,835,945,835,1,1
8.8234777079997,100,945,835,945,835,1,1
8.831875374999072,100,945,835,945,835,1,1
8.84862333300407,100,956,827,956,827,1,1
8.858112875001098,100,956,827,956,827,1,1
8.866084250003041,100,956,827,956,827,1,1
8.87994483300281,100,956,827,956,827,1,1
8.893820958001015,100,966,818,966,818,1,1
8.904630625002028,100,966,818,966,818,1,1
8.91332649999822,100,966,818,966,818,1,1
8.929643333001877,100,977,809,977,809,1,1
8.938332083002024,100,977,809,977,809,1,1
8.948954125000455,100,977,809,977,809,1,1
8.961382417001005,100,988,801,988,801,1,1
8.970766375001404,100,988,801,988,801,1,1
8.978801500001282,100,988,801,988,801,1,1
8.988173541998549,100,988,801,988,801,1,1
9.000876625003002,100,996,793,996,793,1,1
9.01579287500499,100,996,793,996,793,1,1
9.022890792002727,100,996,793,996,793,1,1
9.036610542003473,100,1010,783,1010,783,1,1
9.044247792000533,100,1010,783,1010,783,1,1
9.056380458001513,100,1010,783,1010,783,1,1
9.065225875005126,100,1010,783,1010,783,1,1
9.074644583000918,100,1016,777,1016,777,1,1
9.082918833002623,100,1016,777,1016,777,1,1
9.099296000000322,100,1016,777,1016,777,1,1
9.109449458002928,100,1016,777,1016,777,1,1
9.12228870800027,100,1027,769,1027,769,1,1
9.129975583004125,100,1027,769,1027,769,1,1
9.145485708002525,100,1027,769,1027,769,1,1
9.15360545799922,100,1027,769,1027,769,1,1
9.170022625003185,100,1042,756,1042,756,1,1
9.179105000002892,100,1042,756,1042,756,1,1
9.18634262499836,100,1042,756,1042,756,1,1
9.19398050000018,100,1042,756,1042,756,1,1
9.213576375004777,100,1053,747,1053,747,1,1
9.22325529200316,100,1053,747,1053,747,1,1
9.234751249998226,100,1053,747,1053,747,1,1
9.253824750005151,100,1064,738,1064,738,1,1
9.267655832998571,100,1064,738,1064,738,1,1
9.279999750004208,100,1064,738,1064,738,1,1
9.289973042003112,100,1073,731,1073,731,1,1
9.300162291998276,100,1073,731,1073,731,1,1
9.317403000000922,100,1073,731,1073,731,1,1
9.325117458000022,100,1073,731,1073,731,1,1
9.335054041999683,100,1084,722,1084,722,1,1
9.347043166999356,100,1084,722,1084,722,1,1
9.3605811669986,100,1084,722,1084,722,1,1
9.375750332997995,100,1084,722,1084,722,1,1
9.385387417001766,100,1094,713,1094,713,1,1
9.396689207998861,100,1094,713,1094,713,1,1
9.407998458002112,100,1094,713,1094,713,1,1
9.42255741700501,100,1094,713,1094,713,1,1
9.43200954200438,100,1103,706,1103,706,1,1
9.438860250003927,100,1103,706,1103,706,1,1
9.450936749999528,100,1103,706,1103,706,1,1
9.463520625002275,100,1103,706,1103,706,1,1
9.474069832998794,100,1116,695,1116,695,1,1
9.48379583300266,100,1116,695,1116,695,1,1
9.495166250002512,100,1116,695,1116,695,1,1
9.508518250004272,100,1116,695,1116,695,1,1
9.517037124998751,100,1126,686,1126,686,1,1
9.525898125000822,100,1126,686,1126,686,1,1
9.53826658300386,100,1126,686,1126,686,1,1
9.551393125002505,100,1126,686,1126,686,1,1
9.559299250002368,100,1137,677,1137,677,1,1
9.567340375004278,100,1137,677,1137,677,1,1
9.580521750001935,100,1137,677,1137,677,1,1
9.587783125003625,100,1137,677,1137,677,1,1
9.599183999998786,100,1147,668,1147,668,1,1
9.607124667003518,100,1147,668,1147,668,1,1
9.624318082998798,100,1147,668,1147,668,1,1
9.631942208005057,100,1147,668,1147,668,1,1
9.645479208003962,100,1158,659,1158,659,1,1
9.652971000003163,100,1158,659,1158,659,1,1
9.668247041998256,100,1158,659,1158,659,1,1
9.676922958002251,100,1158,659,1158,659,1,1
9.687207583003328,100,1168,650,1168,650,1,1
9.696862083001179,100,1168,650,1168,650,1,1
9.711927000003925,100,1168,650,1168,650,1,1
9.722216833004495,100,1168,650,1168,650,1,1
9.732184125001368,100,1180,640,1180,640,1,1
9.74257345800288,100,1180,640,1180,640,1,1
9.756267249998928,100,1180,640,1180,640,1,1
9.764255750000302,100,1180,640,1180,640,1,1
9.782963042001938,100,1190,631,1190,631,1,1
9.792682332998083,100,1190,631,1190,631,1,1
9.800022208000883,100,1190,631,1190,631,1,1
9.810120499998447,100,1198,624,1198,624,1,1
9.826160500000697,100,1198,624,1198,624,1,1
9.835450833001232,100,1198,624,1198,624,1,1
9.846846583001025,100,1205,617,1205,617,1,1
9.858147375001863,100,1205,617,1205,617,1,1
9.87221729200246,100,1205,617,1205,617,1,1
9.886572625000554,100,1205,617,1205,617,1,1
9.891589792001469,100,1213,610,1213,610,1,1
9.903670625004452,100,1213,610,1213,610,1,1
9.922094458001084,100,1213,610,1213,610,1,1
9.930650542002695,100,1213,610,1213,610,1,1
9.941028749999532,100,1226,598,1226,598,1,1
9.952816292003263,100,1226,598,1226,598,1,1
9.966518207998888,100,1226,598,1226,598,1,1
9.983291042000928,100,1226,598,1226,598,1,1
9.992654624998977,100,1231,593,1231,593,1,1
9.999997708000592,100,1231,593,1231,593,1,1
10.009963707998395,100,1231,593,1231,593,1,1
