elapsed_since_command,green_x,green_y,blue_x,blue_y,error_x_flag,error_y_flag
0.008409,330,207,330,207,1,1
0.023693,330,207,330,207,1,1
0.040615,330,207,330,207,1,1
0.058089,330,46,330,46,1,1
0.079434,330,46,330,46,1,1
0.091323,330,46,130,154,1,1
0.103448,330,46,130,154,1,1
0.115074,330,46,130,154,1,1
0.133223,330,46,330,46,1,1
0.149155,330,46,330,46,1,1
0.159296,330,46,330,46,1,1
0.168147,330,46,330,46,1,1
0.179532,330,46,330,46,1,1
0.187793,330,46,330,46,1,1
0.213943,330,46,330,46,1,1
0.238508,330,46,330,46,1,1
0.252937,330,46,330,46,1,1
0.266040,330,46,330,46,1,1
0.279931,330,46,330,46,1,1
0.288046,330,46,330,46,1,1
0.303126,330,46,330,46,1,1
0.314919,330,46,330,46,1,1
0.329086,330,46,330,46,1,1
0.340556,330,46,330,46,1,1
0.355920,330,46,330,46,1,1
0.376077,330,46,330,46,1,1
0.388756,330,46,330,46,1,1
0.410231,330,46,330,46,1,1
0.424416,330,46,330,46,1,1
0.445488,330,46,330,46,1,1
0.470719,330,46,330,46,1,1
0.479778,330,46,330,46,1,1
0.498222,330,46,330,46,1,1
0.510851,330,46,330,46,1,1
0.528572,330,46,330,46,1,1
0.542758,330,46,330,46,1,1
0.553678,330,46,330,46,1,1
0.574271,330,46,330,46,1,1
0.591197,330,46,330,46,1,1
0.599361,330,46,330,46,1,1
0.615191,330,46,330,46,1,1
0.631886,330,46,330,46,1,1
0.648125,330,46,330,46,1,1
0.661781,330,46,330,46,1,1
0.679231,330,46,330,46,1,1
0.689075,330,46,330,46,1,1
0.698184,330,46,330,46,1,1
0.712928,330,46,330,46,1,1
0.733829,330,46,330,46,1,1
0.749581,330,47,330,47,1,1
0.764225,330,47,330,47,1,1
0.775122,330,47,330,47,1,1
0.790940,330,53,330,53,1,1
0.799233,330,53,330,53,1,1
0.813905,330,53,330,53,1,1
0.834095,330,58,330,58,1,1
0.846358,330,58,330,58,1,1
0.856777,330,58,330,58,1,1
0.874784,330,64,330,64,1,1
0.881435,330,64,330,64,1,1
0.896492,330,64,330,64,1,1
0.905991,330,70,330,70,1,1
0.922046,330,70,330,70,1,1
0.932885,330,70,330,70,1,1
0.949323,330,74,330,74,1,1
0.967639,330,74,330,74,1,1
0.983188,330,74,330,74,1,1
0.999564,330,78,330,78,1,1
1.018496,330,78,330,78,1,1
1.032783,330,78,330,78,1,1
1.041130,330,84,330,84,1,1
1.057018,330,84,330,84,1,1
1.072588,330,84,330,84,1,1
1.082591,330,84,330,84,1,1
1.099668,330,89,330,89,1,1
1.118690,330,89,330,89,1,1
1.127829,330,89,330,89,1,1
1.136823,330,96,330,96,1,1
1.146163,330,96,330,96,1,1
1.165894,330,96,330,96,1,1
1.177319,330,96,330,96,1,1
1.189817,330,101,330,101,1,1
1.198939,330,101,330,101,1,1
1.213033,330,101,330,101,1,1
1.222729,330,101,330,101,1,1
1.232746,330,109,330,109,1,1
1.256839,330,109,330,109,1,1
1.267617,330,109,330,109,1,1
1.282101,330,115,330,115,1,1
1.303743,330,115,330,115,1,1
1.312832,330,115,330,115,1,1
1.324540,330,120,330,120,1,1
1.346511,330,120,330,120,1,1
1.366251,330,120,330,120,1,1
1.376442,330,127,330,127,1,1
1.393629,330,127,330,127,1,1
1.411658,330,127,330,127,1,1
1.419854,330,133,330,133,1,1
1.437370,330,133,330,133,1,1
1.457298,330,133,330,133,1,1
1.467789,330,137,330,137,1,1
1.480789,330,137,330,137,1,1
1.492430,330,137,330,137,1,1
1.504067,330,144,330,144,1,1
1.522592,330,144,330,144,1,1
1.530708,330,144,330,144,1,1
1.549909,330,149,330,149,1,1
1.562184,330,149,330,149,1,1
1.577506,330,149,330,149,1,1
1.587693,330,154,330,154,1,1
1.604615,330,154,330,154,1,1
1.620877,330,154,330,154,1,1
1.632770,330,161,330,161,1,1
1.645996,330,161,330,161,1,1
1.655599,330,161,330,161,1,1
1.675442,330,166,330,166,1,1
1.683686,330,166,330,166,1,1
1.694827,330,166,330,166,1,1
1.713761,330,173,330,173,1,1
1.723353,330,173,330,173,1,1
1.746349,330,173,330,173,1,1
1.769619,330,178,330,178,1,1
1.781938,330,178,330,178,1,1
1.801238,330,183,330,183,1,1
1.818658,330,183,330,183,1,1
1.832105,330,183,330,183,1,1
1.854291,330,189,330,189,1,1
1.866297,330,189,330,189,1,1
1.875922,330,194,330,194,1,1
1.888005,330,194,330,194,1,1
1.900536,330,194,330,194,1,1
1.910038,330,198,330,198,1,1
1.920685,330,198,330,198,1,1
1.931971,330,198,330,198,1,1
1.940567,330,198,330,198,1,1
1.951670,330,202,330,202,1,1
1.964427,330,202,330,202,1,1
1.977960,330,202,330,202,1,1
1.987815,330,202,330,202,1,1
1.997362,330,207,330,207,1,1
2.017009,330,207,330,207,1,1
2.034480,330,207,330,207,1,1
2.048500,330,212,330,212,1,1
2.056869,330,212,330,212,1,1
2.076449,330,212,330,212,1,1
2.087350,330,212,330,212,1,1
2.102307,330,218,330,218,1,1
2.117305,330,218,330,218,1,1
2.132592,330,218,330,218,1,1
2.148318,330,224,330,224,1,1
2.154933,330,224,330,224,1,1
2.173289,330,224,330,224,1,1
2.182680,330,224,330,224,1,1
2.198292,330,228,330,228,1,1
2.204678,330,228,330,228,1,1
2.221965,330,228,330,228,1,1
2.232642,330,228,330,228,1,1
2.240859,330,233,330,233,1,1
2.262944,330,233,330,233,1,1
2.278314,330,233,330,233,1,1
2.287576,330,237,330,237,1,1
2.305243,330,237,330,237,1,1
2.318752,330,237,330,237,1,1
2.332550,330,238,330,238,1,1
2.339275,330,238,330,238,1,1
2.360075,330,238,330,238,1,1
2.376624,330,239,330,239,1,1
2.398097,330,239,330,239,1,1
2.414348,330,241,330,241,1,1
2.432472,330,241,330,241,1,1
2.450000,330,241,330,241,1,1
2.460446,330,241,330,241,1,1
2.476031,330,241,330,241,1,1
2.489235,330,241,330,241,1,1
2.497615,330,242,330,242,1,1
2.514916,330,242,330,242,1,1
2.531091,330,242,330,242,1,1
2.544288,330,243,330,243,1,1
2.557744,330,243,330,243,1,1
2.582035,330,243,330,243,1,1
2.591551,330,243,330,243,1,1
2.604050,330,243,330,243,1,1
2.626976,330,243,330,243,1,1
2.636065,330,244,330,244,1,1
2.648141,330,244,330,244,1,1
2.661950,330,244,330,244,1,1
2.678676,330,244,330,244,1,1
2.690928,330,244,330,244,1,1
2.714624,330,244,330,244,1,1
2.731525,330,244,330,244,1,1
2.742759,330,244,330,244,1,1
2.758906,330,244,330,244,1,1
2.776972,330,244,330,244,1,1
2.792753,330,244,330,244,1,1
2.809110,330,244,330,244,1,1
2.832497,330,244,330,244,1,1
2.844628,330,244,330,244,1,1
2.864978,330,244,330,244,1,1
2.885258,330,244,330,244,1,1
2.898125,330,244,330,244,1,1
2.914921,330,244,330,244,1,1
2.936750,330,244,330,244,1,1
2.949211,330,244,330,244,1,1
2.964833,330,243,330,243,1,1
2.980322,330,243,330,243,1,1
2.992994,330,243,330,243,1,1
3.002886,330,242,330,242,1,1
